Code,name,num,s_Chinese,s_English,s_Math,s_Society,s_Science,m_Chinese,m_English,m_Math,m_Society,m_Science
001012,中國文學系,20,前,均,均,均,--,3,6,--,8,--
001022,外國語文學系,46,前,頂,--,前,--,--,2.5,--,--,--
001032,歷史學系,24,前,前,均,前,--,3,3,--,3,--
001042,哲學系,20,前,前,前,--,--,6,3,6,--,--
001052,人類學系,13,--,均,--,均,--,--,5,--,--,--
001062,圖書資訊學系,18,前,前,均,均,--,5,3,--,--,--
001072,日本語文學系,22,前,前,均,前,--,3,3,--,4,--
001092,數學系,17,--,均,前,--,均,--,--,3,--,10
001102,物理學系,29,前,前,--,--,--,--,--,3,--,6
001112,化學系,32,均,均,均,--,均,--,3,4,--,5
001122,地質科學系,22,均,均,均,--,均,10,8,6,--,3
001132,心理學系,20,均,均,均,--,均,--,2.5,2.5,--,2.5
001142,地理環境資源學系,13,--,均,均,--,--,--,3,5,6,--
001152,大氣科學系,16,均,均,均,--,均,3,3,3,--,3
001162,政治學系政治理論組,12,前,前,均,前,--,5,3,--,5,--
001172,政治學系國際關係組,12,前,前,均,前,--,5,3,--,5,--
001182,政治學系公共行政組,12,前,前,均,前,--,5,3,--,5,--
001192,經濟學系,52,--,--,前,--,--,--,--,3,--,--
001202,社會學系,14,前,前,均,前,--,3,3,--,3,--
001212,社會工作學系,17,均,均,均,均,--,5,3,5,5,--
001222,醫學系,50,頂,頂,頂,--,頂,4,2,2,--,2
001232,醫學系(公費生),12,頂,頂,頂,--,頂,4,2,2,--,2
001242,牙醫學系,12,前,頂,頂,--,頂,--,2.5,2.5,--,2.5
001252,藥學系,20,均,均,前,--,前,--,--,4,--,4
001262,醫學檢驗暨生物技術學系,18,均,--,--,--,均,--,6,5,--,3
001272,護理學系,19,--,均,--,--,均,--,6,--,--,3
001282,物理治療學系,20,均,前,前,--,前,--,6,--,--,3
001292,職能治療學系,21,前,前,前,--,前,5,6,3,--,3
001302,土木工程學系,57,均,均,均,--,均,3,3,3,--,3
001312,機械工程學系,76,均,均,前,--,前,3,3,3,--,3
001322,化學工程學系,57,頂,頂,頂,--,頂,3,3,3,--,3
001332,工程科學及海洋工程學系,24,--,均,均,--,均,--,3,3,--,3
001342,材料科學與工程學系,25,頂,頂,頂,--,頂,3,3,3,--,3
001352,醫學工程學系,12,前,頂,頂,--,頂,4,4,4,--,4
001362,農藝學系,14,--,均,--,--,--,--,--,--,--,--
001372,生物環境系統工程學系,22,均,均,均,--,均,--,10,3,--,6
001382,農業化學系,25,均,均,均,--,均,--,--,8,--,3
001392,森林環境暨資源學系,33,均,均,均,--,均,--,--,--,--,3
001402,動物科學技術學系,14,均,均,均,--,均,6,6,6,--,3
001412,農業經濟學系,19,均,均,均,--,--,3,4,5,--,--
001422,園藝暨景觀學系,24,均,均,均,--,均,--,--,--,--,--
001432,獸醫學系,30,均,前,均,--,前,3,4,3,--,2.5
001442,生物產業傳播暨發展學系,18,前,前,前,前,--,3,3,3,--,--
001452,生物機電工程學系,18,--,均,均,--,均,--,3,3,--,3
001462,昆蟲學系,15,均,均,均,--,均,--,5,4,--,3
001472,植物病理與微生物學系,10,均,均,均,--,均,--,3,--,--,6
001482,工商管理學系企業管理組,27,頂,--,--,--,--,3,--,--,--,--
001492,工商管理學系科技管理組,22,頂,--,--,--,--,3,--,--,--,--
001502,會計學系,42,頂,頂,頂,前,--,--,2.5,2.5,--,--
001512,財務金融學系,45,--,頂,頂,--,--,--,2,3,--,--
001522,國際企業學系,45,--,頂,頂,--,--,--,2.5,--,--,--
001532,資訊管理學系,34,--,頂,頂,--,--,--,3,3,--,--
001542,公共衛生學系,23,--,均,均,--,均,--,--,--,--,--
001552,電機工程學系,90,前,頂,頂,--,頂,--,2.5,2.5,--,2.5
001562,資訊工程學系,61,前,頂,頂,--,頂,--,10,3,--,10
001572,法律學系法學組,12,頂,頂,前,頂,--,4,4,--,--,--
001582,法律學系司法組,12,頂,頂,前,頂,--,4,4,--,--,--
001592,法律學系財經法學組,12,頂,頂,前,頂,--,4,4,--,--,--
001602,生命科學系,28,前,--,前,--,--,--,3,--,--,3
001612,生化科技學系,26,均,均,均,--,均,--,6,10,--,2.5
001622,希望組甲組(文社法),8,均,均,均,均,--,5,5,--,5,--
001632,希望組乙組(數理),2,均,均,前,--,前,--,--,3,--,6
001642,希望組丙組(生醫),4,前,前,前,--,前,--,5,5,--,5
001652,希望組丁組(電資),4,均,前,頂,--,前,--,5,5,--,5
001662,希望組戊組(商管),3,前,前,前,均,--,--,3,3,--,--
001672,希望組己組(工),7,均,前,前,--,前,--,5,5,--,5
001682,希望組庚組(生農),5,均,均,均,--,均,--,5,5,--,5
001692,醫學系(希望組辛組),1,頂,頂,頂,--,頂,4,2,2,--,2
002012,教育學系,26,前,前,均,均,--,--,--,--,--,--
002022,教育學系(公費生),1,前,前,前,--,均,--,--,--,--,--
002032,教育心理與輔導學系,14,前,前,均,均,--,--,--,--,--,--
002042,社會教育學系,22,前,前,均,前,--,3,5,5,3,--
002052,社會教育學系(青年儲蓄帳戶組),1,前,前,均,前,--,--,--,--,--,--
002062,健康促進與衛生教育學系,18,均,均,--,--,--,2.5,2.5,--,--,--
002072,人類發展與家庭學系家庭生活教育組,13,均,均,--,--,--,--,3,4,--,--
002082,人類發展與家庭學系幼兒發展與教育組,15,均,均,--,--,--,--,3,4,--,--
002092,公民教育與活動領導學系,30,前,前,均,前,--,--,--,--,2,--
002102,特殊教育學系,15,均,均,均,--,--,3,4,5,--,--
002112,學習科學學士學位學程,4,均,均,前,--,--,--,4,8,--,--
002122,教育學院學士班,9,均,均,均,均,--,--,4,4,--,--
002132,國文學系,40,頂,前,--,前,--,2,--,--,--,--
002142,英語學系,40,前,頂,--,--,--,3,2,--,4,--
002152,英語學系(公費生),1,前,頂,--,--,--,3,2,--,4,--
002162,歷史學系,25,前,前,--,前,--,5,4,--,3,--
002172,地理學系,35,前,均,均,均,--,--,4,3,5,--
002182,臺灣語文學系,8,前,均,--,前,--,4,7,--,5,--
002192,數學系,44,--,均,前,--,均,--,--,3,--,--
002202,物理學系,37,均,--,--,--,前,--,--,3,--,4
002212,化學系,40,--,均,均,--,均,--,5,4,--,3
002222,生命科學系,24,均,均,均,--,--,--,--,--,--,3
002232,地球科學系,12,--,--,均,--,均,--,12,3,--,6
002242,資訊工程學系,26,均,均,前,--,前,--,10,3,--,--
002262,營養科學學士學位學程,13,--,均,--,--,均,--,--,--,--,3
002272,科技應用與人力資源發展學系,40,--,均,均,--,均,--,5,5,--,5
002282,圖文傳播學系,8,前,前,--,--,--,5,5,--,--,--
002292,機電工程學系,10,均,均,前,--,均,--,--,--,--,--
002302,電機工程學系,27,均,前,前,--,前,--,5,3,--,5
002312,光電工程學士學位學程,10,均,前,前,--,前,--,8,8,--,4.5
002322,華語文教學系應用華語文學組,18,前,前,--,前,--,5,3,--,7,--
002332,東亞學系,20,均,前,均,均,--,4,5,3,--,--
002342,企業管理學系,17,均,均,均,--,--,5,3,4,--,--
002352,設計學系產品設計組,10,均,均,均,--,均,--,--,--,--,--
002362,不分系招生(晨光組),12,均,均,後,--,後,--,--,--,--,--
003012,中國文學系,28,均,均,--,--,--,3,6,--,--,--
003022,外國語文學系,22,前,前,--,均,--,5,3,--,--,--
003032,歷史學系,24,前,均,--,前,--,5,5,--,3,--
003042,台灣人文創新學士學位學程,7,均,均,--,均,--,7,10,--,12,--
003052,財務金融學系,30,前,前,前,--,--,--,3,5,--,--
003062,企業管理學系,22,--,前,前,--,--,--,3.5,3,--,--
003072,資訊管理學系,11,均,前,前,--,均,10,10,3,--,10
003092,會計學系,21,前,前,前,前,--,--,3,5,--,--
003102,行銷學系,24,前,前,前,--,--,3,5,5,--,--
003112,應用經濟學系,20,均,均,均,--,--,--,3,5,--,--
003122,法律學系,16,前,前,前,前,--,3,3,5,3,--
003132,化學系,22,--,均,前,--,前,--,8,4,--,3
003142,物理學系一般物理組,16,--,均,前,--,前,--,3,6,--,--
003152,物理學系光電物理組,12,--,均,前,--,前,--,4,6,--,--
003162,應用數學系應用數學組,20,--,均,前,--,均,--,10,3,--,5
003172,應用數學系數據科學與計算組,20,--,均,前,--,均,--,10,3,--,5
003182,機械工程學系,52,--,均,均,--,均,--,7,3,--,3
003192,土木工程學系,50,均,均,--,--,均,--,--,3,--,3
003202,環境工程學系,19,均,均,均,--,均,6,6,2.5,--,2.5
003212,化學工程學系,20,--,均,前,--,前,--,5,3,--,3
003222,材料科學與工程學系,22,--,均,均,--,均,--,5,3,--,3
003232,電機工程學系,26,--,均,均,--,均,--,8,3,--,3
003242,資訊科學與工程學系,10,均,均,均,--,--,--,5,8,--,5
003262,電機資訊學院學士班,17,--,均,均,--,均,--,8,3,--,3
003272,生物產業機電工程學系,22,--,均,均,--,均,--,10,3,--,10
003282,水土保持學系,29,--,均,均,--,均,--,5,3,--,4
003292,食品暨應用生物科技學系,24,均,均,均,--,均,5,3,4,--,3
003302,農藝學系,19,均,均,均,--,均,6,--,--,--,2.5
003312,園藝學系,16,均,均,均,--,前,--,5,--,--,3
003322,森林學系林學組,14,均,均,均,--,均,--,--,--,--,3.5
003332,森林學系木材科學組,13,均,均,均,--,均,--,--,--,--,3.5
003342,植物病理學系,19,均,均,--,--,均,--,6,--,--,5
003352,昆蟲學系,20,均,均,均,--,前,4,2.5,3,--,2.5
003362,動物科學系,18,均,均,均,--,均,6,6,6,--,3
003372,土壤環境科學系,24,--,均,均,--,均,--,5,5,--,3
003382,生物科技學士學位學程,15,均,均,均,--,均,--,10,--,--,7
003392,景觀與遊憩學士學位學程,9,--,前,均,均,前,--,5,10,--,--
003402,國際農企業學士學位學程,7,均,前,均,--,均,--,10,--,--,7
003412,生命科學系,47,均,均,均,--,前,--,8,10,--,3
003422,獸醫學系,35,均,前,均,--,前,--,10,--,--,--
003432,興翼招生A組(商學管理),7,均,均,均,--,--,7,7,7,--,--
003442,興翼招生B組(文史法律),4,均,均,--,均,--,10,10,--,10,--
003452,興翼招生C組(化學數學),4,--,均,均,--,均,--,10,10,--,10
003462,興翼招生D組(化材電資暨工程),13,--,均,均,--,均,--,3.5,3.5,--,3.5
003472,興翼招生E組(生物資源暨農業科技),10,--,均,均,--,均,--,5,5,--,5
003482,興翼招生F組(生物科技暨獸醫),9,--,均,均,--,均,--,5.5,5.5,--,5.5
004012,中國文學系,15,頂,均,--,前,--,3,10,--,10,--
004022,外國語文學系,15,前,頂,--,--,--,5,3,--,6,--
004032,歷史學系,19,前,前,--,前,--,5,4,--,3,--
004042,台灣文學系,20,頂,前,--,前,--,3,8,--,10,--
004052,數學系,30,後,均,前,--,均,8,6,3,--,6
004062,物理學系,18,均,前,前,--,前,--,--,--,--,3
004072,化學系,26,--,前,前,--,前,--,--,--,--,3
004082,地球科學系,24,--,均,均,--,前,--,--,3,--,5
004092,光電科學與工程學系,23,均,均,前,--,前,--,--,3,--,3
004102,機械工程學系,87,均,前,前,--,前,--,5,5,--,5
004112,機械工程學系(普渡雙聯組),5,均,頂,前,--,前,--,5,5,--,5
004122,化學工程學系,60,前,前,頂,--,頂,--,5,3,--,3
004132,材料科學及工程學系,45,--,頂,頂,--,頂,--,--,--,--,--
004142,資源工程學系,24,均,均,均,--,均,10,8,4,--,6
004152,土木工程學系,48,均,均,均,--,均,6,6,4,--,4
004162,水利及海洋工程學系,21,均,均,前,--,前,6,8,2.5,--,4
004172,工程科學系,30,--,前,前,--,前,--,--,6,--,3
004182,系統及船舶機電工程學系,27,均,前,前,--,前,--,--,5,--,5
004192,航空太空工程學系,26,--,前,前,--,前,--,10,5,--,5
004202,環境工程學系,24,均,前,前,--,前,3,5,4,--,4
004212,測量及空間資訊學系,28,--,前,前,--,前,--,--,--,--,--
004222,生物醫學工程學系,17,--,前,前,--,前,3,3,3,--,3
004232,能源工程國際學士學位學程,20,--,前,前,--,前,--,10,5,--,5
004242,工業與資訊管理學系,28,前,前,前,--,--,--,10,8,--,--
004262,交通管理科學系,25,均,前,前,--,均,5,2.5,3,--,5
004272,統計學系,17,均,前,前,--,--,--,5,3,--,--
004282,會計學系,19,均,均,均,--,--,--,2.5,3,--,--
004292,醫學系,38,頂,頂,頂,--,頂,6,5,2.5,--,2.5
004302,醫學系(公費生),5,頂,頂,頂,--,頂,6,5,2.5,--,2.5
004312,醫學檢驗生物技術學系,15,均,均,均,--,均,--,4,--,--,3
004322,護理學系,16,均,均,--,--,均,8,3,--,--,6
004332,職能治療學系,12,--,前,--,--,前,4,--,--,--,--
004342,物理治療學系,14,--,前,--,--,均,--,7,--,--,--
004352,藥學系,15,均,均,均,--,均,3,--,--,--,4
004362,牙醫學系,7,頂,頂,頂,--,頂,5,5,4,--,4
004372,政治學系,21,前,前,均,前,--,5,3,--,8,--
004382,經濟學系,22,均,均,均,--,--,3,5,6,--,--
004392,法律學系,23,頂,頂,均,均,--,3,3,3,3,--
004402,心理學系,20,--,均,均,--,均,--,3,3,--,3
004412,電機工程學系,79,--,均,前,--,前,--,--,--,--,--
004422,電機工程學系(普渡雙聯組),6,--,前,前,--,前,--,--,--,--,--
004432,資訊工程學系,57,--,前,前,--,前,--,--,3,--,--
004442,資訊工程學系(普渡雙聯組),6,--,前,前,--,前,--,3,3,--,--
004462,建築學系,28,均,均,均,--,--,--,--,--,--,--
004472,都市計劃學系,28,均,均,均,--,--,--,--,--,--,--
004482,工業設計學系,16,均,均,均,--,均,--,--,--,--,--
004492,生命科學系,28,均,均,均,--,前,--,5,4,--,3
004502,生物科技與產業科學系,14,均,均,--,--,前,12,8,--,--,3.5
004512,全校不分系學士學位學程,6,前,前,頂,--,--,12,9,7,--,--
004522,成星招生甲組(文社),8,均,均,--,均,--,6,--,--,8,--
004532,成星招生乙組(管理),5,均,均,均,--,--,--,12,10,--,--
004542,成星招生丙組(理),5,--,均,均,--,均,--,--,10,--,15
004552,成星招生丁組(工),27,--,均,前,--,均,--,--,3,--,4
004562,成星招生戊組(生醫),7,--,均,均,--,均,--,8,8,--,7
004572,企業管理學系,17,--,均,均,--,--,--,2.5,3,--,--
005012,中國文學系,95,均,--,--,後,--,3,--,--,4,--
005022,歷史學系,28,底,底,--,底,--,--,5,--,--,--
005032,哲學系,37,後,後,--,--,--,5,3,--,--,--
005042,政治學系,68,均,後,--,後,--,4,--,--,--,--
005052,社會學系,60,均,後,--,均,--,3,--,--,--,--
005062,社會工作學系,60,--,--,後,後,--,7,5,--,--,--
005072,社會工作學系(連江公費生),1,--,--,後,後,--,--,--,--,--,--
005082,英文學系,80,均,前,--,--,--,5,3,--,--,--
005092,日本語文學系,78,均,均,--,後,--,4,3,--,--,--
005102,德國文化學系,21,均,均,--,--,--,4,3,--,--,--
005112,數學系,33,--,--,均,--,--,--,--,3,--,--
005122,物理學系,33,--,--,底,--,底,--,3,5,--,8
005132,化學系,20,--,--,後,--,後,--,--,--,--,--
005142,微生物學系應用微生物組,17,--,後,--,--,均,--,3,--,--,10
005152,微生物學系生物科技組,17,--,均,--,--,後,--,3,--,--,10
005162,心理學系,30,後,均,後,--,--,--,3,--,--,--
005172,法律學系,116,前,前,--,--,--,3,5,7,--,--
005182,經濟學系,85,--,後,均,--,--,--,4,3,--,--
005192,會計學系,140,均,均,均,--,--,5,--,--,--,--
005202,企業管理學系,120,--,均,均,--,--,--,3,5,--,--
005212,國際經營與貿易學系,60,均,前,均,--,--,--,4,--,--,--
005222,財務工程與精算數學系,110,--,後,均,--,--,5,4,3,--,--
005232,資訊管理學系,83,--,均,均,--,--,--,5,3,--,--
005242,巨量資料管理學院學士學位學程,58,--,均,均,--,--,--,--,--,--,--
006012,中國文學系,29,頂,前,--,前,--,3,6,--,8,--
006022,歷史學系,18,前,前,--,前,--,6,5,--,3,--
006032,哲學系,25,前,前,--,--,--,4,3,--,--,--
006042,教育學系,20,均,前,--,--,--,--,2.5,--,--,--
006052,政治學系,19,--,均,--,均,--,--,8,--,3,--
006062,社會學系,16,前,前,均,前,--,--,4,5,3,--
006072,財政學系,37,前,前,前,--,--,4,3,2,--,--
006082,公共行政學系,16,前,前,--,前,--,3,2.5,--,4,--
006092,地政學系土地資源規劃組,14,前,前,前,前,--,4,6,6,--,--
006102,地政學系土地管理組,12,前,前,前,前,--,5,5,4,--,--
006112,地政學系土地測量與資訊組,13,前,前,前,--,前,3,3,4,--,--
006122,經濟學系,35,--,前,前,--,--,--,4,3,--,--
006132,民族學系,16,前,前,--,前,--,3,3,--,3,--
006142,外交學系,22,前,前,均,前,--,4,3,9,10,--
006152,國際經營與貿易學系,31,前,前,前,--,--,5,4,3,--,--
006162,金融學系,18,前,前,前,--,--,4,3,3,--,--
006172,會計學系,38,均,均,均,均,--,--,2,2,--,--
006182,統計學系社會組,9,前,前,頂,--,--,--,5,6,--,--
006192,統計學系自然組,9,前,前,頂,--,--,--,5,6,--,--
006202,企業管理學系,30,前,前,前,--,--,3,4,4,3,--
006212,資訊管理學系,23,前,前,前,--,--,4,3,2.5,--,--
006222,財務管理學系,17,前,前,前,--,--,4,3,3,--,--
006232,風險管理與保險學系,13,前,前,前,--,--,3,3,3,--,--
006242,傳播學院大一大二不分系(社會組),46,前,前,--,--,--,3,3,--,--,--
006252,傳播學院大一大二不分系(自然組),10,--,前,前,--,--,--,3,3,--,--
006262,傳播學院大一大二不分系(青年儲蓄帳戶組),2,均,均,--,--,--,--,--,--,--,--
006272,英國語文學系,23,前,頂,--,--,--,3,2.5,5,4,--
006282,阿拉伯語文學系,17,前,頂,均,--,--,4,3,--,5,--
006292,斯拉夫語文學系,16,前,前,--,前,--,4,3,--,5,--
006302,日本語文學系,11,前,頂,--,前,--,5,3.5,--,4,--
006312,韓國語文學系,10,前,頂,--,前,--,5,3.5,--,5,--
006322,土耳其語文學系,11,前,前,--,--,--,4,3,--,--,--
006332,歐洲語文學系法文組,8,前,前,--,前,--,3,3,--,4,--
006342,歐洲語文學系德文組,8,前,前,--,前,--,3,3,--,4,--
006352,歐洲語文學系西班牙文組,7,前,前,--,前,--,3,3,--,4,--
006362,法律學系,74,均,前,均,前,--,5,3.5,--,3.5,--
006372,應用數學系,18,--,均,前,--,--,--,--,3,--,--
006382,心理學系,13,均,均,均,--,均,6,5,3,--,--
006392,資訊科學系,19,--,均,前,--,均,--,--,2.5,--,--
006412,資訊科學系(青年儲蓄帳戶組),1,--,均,均,--,--,--,--,--,--,--
006422,創新國際學院學士班,10,均,前,--,前,--,--,3,--,--,--
006432,政星招生甲組,24,均,均,--,均,--,3,3,--,3,--
006442,政星招生乙組,22,均,均,均,--,--,3,3,3,--,--
007012,醫學系,79,前,前,前,--,前,7,3,6,--,3
007022,運動醫學系,28,--,均,--,--,均,--,8,--,--,3
007032,呼吸治療學系,24,--,均,--,--,均,--,3,--,--,3
007042,牙醫學系,51,均,前,前,--,前,6,6,6,--,2.5
007052,口腔衛生學系,24,均,後,後,--,均,--,5,--,--,3
007062,藥學系,77,前,前,前,--,前,--,4,--,--,3
007072,香粧品學系,42,均,均,--,--,均,5,4,--,--,3
007082,護理學系,33,--,均,--,--,均,--,3,--,--,8
007092,醫學檢驗生物技術學系,25,--,--,--,--,均,--,3,--,--,3
007102,醫學影像暨放射科學系,23,--,均,均,--,後,--,3,4,--,6
007112,公共衛生學系,24,--,均,均,--,--,--,5,3,--,--
007122,職能治療學系,22,均,均,--,--,均,6,3,--,--,--
007132,物理治療學系,22,--,均,均,--,均,--,5,6,--,3
007142,醫務管理暨醫療資訊學系,29,--,後,後,--,--,--,3,6,--,--
007152,醫藥暨應用化學系醫藥化學組,24,--,--,--,--,均,--,5,--,--,3
007162,醫藥暨應用化學系應用化學組,24,--,--,--,--,均,--,5,--,--,3
007172,生物醫學暨環境生物學系,23,後,均,後,--,均,--,8,--,--,3
007182,生物科技學系,22,--,--,--,--,均,--,7,--,--,3
007192,心理學系,28,--,均,均,--,後,--,3,3,--,--
007202,醫學社會學與社會工作學系,37,均,均,底,--,--,10,3,--,--,--
007212,生命科學院學士班,6,--,--,--,--,均,--,8,--,--,3
007222,醫學系(公費生),8,前,前,前,--,前,7,3,6,--,3
007232,醫學系(薪火A1組),2,均,前,前,--,前,--,5,4,--,3
007242,牙醫學系(薪火A2組),1,均,前,前,--,前,--,12,9,--,6
007252,藥學系(薪火A3組),2,均,前,前,--,前,--,5,4,--,3
007262,薪火招生B組,9,均,--,--,--,均,3,--,--,--,2
007272,薪火招生C組,18,--,--,--,--,均,3,--,--,--,2
007282,薪火招生D組,4,--,均,--,--,--,3,2,--,--,--
008012,應用數學系,74,--,--,後,--,後,--,--,3,--,--
008022,物理學系物理組,35,--,--,均,--,後,--,--,3,--,5
008032,物理學系光電與材料科學組,36,--,--,均,--,後,--,--,3,--,5
008042,化學系化學組,37,--,--,均,--,均,--,4,4,--,3
008052,化學系材料化學組,36,--,--,均,--,均,--,4,4,--,3
008062,心理學系,70,後,均,均,--,後,--,4,3,--,5
008072,生物科技學系,68,--,後,後,--,均,--,4,5,--,3
008082,化學工程學系綠能製程組,38,--,後,後,--,後,--,--,--,--,--
008092,化學工程學系生化工程組,38,--,後,後,--,後,--,--,--,--,--
008102,化學工程學系材料工程組,38,--,後,後,--,後,--,--,--,--,--
008112,土木工程學系,112,--,--,後,--,--,3,--,3,--,--
008122,機械工程學系,120,--,--,--,--,後,--,--,4,--,4
008132,生物醫學工程學系,75,--,後,後,--,後,--,--,3,--,3
008142,環境工程學系,36,--,後,--,--,--,--,--,--,--,--
008152,電機資訊學院學士班,31,--,均,--,--,--,--,3,--,--,--
008162,工業與系統工程學系工程組,73,後,--,--,--,--,3,--,3,--,--
008172,工業與系統工程學系管理組,32,後,--,--,--,--,3,3,--,--,--
008182,電子工程學系,97,--,後,--,--,--,--,--,3,--,--
008192,資訊工程學系,79,--,後,--,--,--,--,--,--,--,--
008202,電機工程學系,84,--,均,--,--,--,--,3,3,--,--
008212,企業管理學系服務業管理組,24,均,--,--,--,--,3,--,--,--,--
008222,企業管理學系高科技業管理組,24,均,--,--,--,--,3,--,--,--,--
008232,企業管理學系工商管理組,41,均,--,--,--,--,3,--,--,--,--
008242,國際經營與貿易學系,47,--,均,--,--,--,5,3,6,--,--
008252,會計學系,90,均,--,--,--,--,--,--,--,--,--
008262,資訊管理學系,51,--,--,後,--,--,3,--,--,--,--
008272,財務金融學系,71,均,--,--,--,--,--,--,--,--,--
008282,中原大學與美國天普大學商學管理雙學士學位學程,10,--,均,--,--,--,--,5,--,--,--
008292,財經法律學系,75,均,均,--,--,--,--,--,--,3,--
008302,建築學系,35,--,均,--,--,--,--,--,--,--,--
008312,室內設計學系,31,均,均,--,--,--,4,--,--,--,--
008322,商業設計學系商業設計組,30,--,後,--,--,--,--,--,--,--,--
008332,商業設計學系產品設計組,16,--,--,--,--,後,--,--,--,--,--
008342,景觀學系,37,均,後,--,--,--,3,--,--,--,--
008352,特殊教育學系,36,均,後,後,--,--,3,5,5,--,--
008362,應用外國語文學系,60,--,均,--,--,--,4,3,--,--,--
008372,應用華語文學系,81,均,後,--,--,--,3,4,--,--,--
009012,中國文學系,55,--,--,底,--,--,5,3,--,--,--
009022,外國語文學系,57,後,均,--,--,--,--,3,--,--,--
009032,歷史學系,29,--,--,--,均,--,--,--,--,3,--
009042,日本語言文化學系,59,--,均,--,--,--,3,5,--,--,--
009052,哲學系,33,均,--,--,--,--,--,--,--,--,--
009062,應用物理學系,37,--,後,--,--,--,--,--,--,--,--
009072,化學系化學組,21,--,後,後,--,後,--,--,--,--,--
009082,化學系化學生物組,23,--,後,後,--,後,--,--,--,--,--
009092,生命科學系生物醫學組,29,--,--,--,--,均,--,5,--,--,3
009102,生命科學系生態暨生物多樣性組,29,--,--,--,--,均,--,--,--,--,3
009112,應用數學系,28,--,--,均,--,--,--,--,5,--,--
009122,化學工程與材料工程學系(製程及能源工程組),23,--,後,後,--,--,--,3,3,--,--
009132,化學工程與材料工程學系(材料工程組),12,--,--,後,--,後,--,--,4,--,4
009142,化學工程與材料工程學系(生化工程組),12,--,--,後,--,後,--,--,4,--,4
009152,工業工程與經營資訊學系(智慧設計與生產組),25,--,後,均,--,--,--,--,3,--,--
009162,工業工程與經營資訊學系(智慧經營與管理組),32,--,均,後,--,--,--,3,--,--,--
009172,環境科學與工程學系,56,--,--,--,--,後,--,4,5,--,3
009182,資訊工程學系(資電工程組),26,--,--,後,--,--,--,--,--,--,--
009202,資訊工程學系(軟體工程組),24,--,--,後,--,--,--,--,--,--,--
009222,資訊工程學系(人工智慧組),28,--,--,後,--,--,--,--,--,--,--
009242,電機工程學系,47,--,--,後,--,--,3,3,--,--,3
009252,企業管理學系(行銷與數位經營組),32,--,均,--,--,--,3,3,4,--,--
009262,企業管理學系(服務創新與經營組),31,--,均,--,--,--,3,3,4,3,--
009272,企業管理學系(創業與組織領導組),31,--,均,--,--,--,3,3,4,--,--
009282,國際經營與貿易學系,56,--,均,--,--,--,4,3,4,--,--
009292,會計學系,69,後,--,後,--,--,3,3,4,--,--
009302,財務金融學系,69,--,均,後,--,--,--,3,4,--,--
009312,財務金融學系(青年儲蓄帳戶組),1,--,均,後,--,--,--,--,--,--,--
009322,統計學系(巨量資料管理組),25,--,--,均,--,--,--,--,5,--,--
009332,統計學系(決策管理組),40,--,--,均,--,--,--,--,5,--,--
009342,資訊管理學系(物聯網與大數據應用組),17,--,均,--,--,--,--,6,3,--,--
009352,資訊管理學系(數位行銷與電子商務應用組),13,--,--,均,--,--,--,3.5,6,--,--
009362,經濟學系一般經濟組,48,--,--,後,--,--,--,3,3,--,--
009372,經濟學系產業經濟組,24,--,--,後,--,--,--,3,3,--,--
009382,政治學系政治理論組,26,--,--,--,均,--,--,3,--,4,--
009392,政治學系國際關係組,25,--,均,--,--,--,--,3,--,4,--
009402,行政管理暨政策學系,38,--,--,--,均,--,--,--,--,--,--
009412,社會學系,56,--,--,--,均,--,3,3,--,3,--
009422,社會學系(青年儲蓄帳戶組),1,--,--,--,均,--,--,--,--,--,--
009432,社會工作學系,63,--,--,--,後,--,--,--,--,--,--
009442,畜產與生物科技學系,67,--,--,--,--,均,--,--,--,--,--
009452,畜產與生物科技學系(青年儲蓄帳戶組),1,--,--,--,--,均,--,--,--,--,--
009462,食品科學系,62,--,--,--,--,均,--,3,3,--,3
009472,餐旅管理學系,34,--,--,後,--,--,3,3,--,--,--
009482,高齡健康與運動科學學士學位學程,16,後,--,--,--,--,3,3,--,--,--
009492,建築學系,23,--,--,均,--,--,--,--,--,--,--
009502,工業設計學系,24,--,均,--,--,--,--,3,3,--,--
009512,景觀學系,41,後,--,--,--,--,3,3,--,--,--
009522,法律學系,30,均,均,後,--,--,3,4,--,--,--
009532,國際學院國際經營管理學位學程,32,--,均,--,--,--,--,3,--,--,--
009542,永續科學與工程學士學位學程,17,--,均,--,--,--,--,3,--,--,--
011012,中國文學系甲組(一般組),11,頂,頂,前,前,--,3,8,--,8,--
011022,中國文學系乙組(華語文教學組),6,頂,頂,前,前,--,3,8,--,8,--
011032,外國語文學系,25,頂,頂,均,前,--,5,3,--,5,--
011042,人文社會學院學士班,47,前,前,均,前,--,--,--,--,--,--
011052,教育與學習科技學系,23,前,前,--,前,--,3,4,--,5,--
011062,幼兒教育學系,25,前,前,--,前,--,3,3,--,3,--
011072,教育心理與諮商學系,13,均,前,均,--,--,--,3.5,--,--,--
011082,特殊教育學系,20,前,前,--,前,--,2.5,2.5,--,2.5,--
011092,英語教學系,21,前,頂,均,均,--,5,3,5,--,--
011102,英語教學系(公費生),1,前,頂,均,均,--,--,6,--,--,--
011112,竹師教育學院學士班甲組(雙專長組),14,均,前,前,--,--,--,3,5,--,--
011122,竹師教育學院學士班乙組(永續發展教育組),16,均,前,前,--,--,5,4,3,--,--
011132,經濟學系,47,前,前,前,--,--,3,3,3,--,--
011142,科技管理學院學士班,23,前,前,前,--,--,3,3,3,--,--
011152,計量財務金融學系,25,前,前,前,--,--,5,5,3,--,--
011162,數學系甲組(數學組),17,--,均,頂,--,均,--,5,3,--,5
011172,數學系乙組(應用數學組),20,--,均,頂,--,均,--,5,3,--,5
011182,物理學系物理組(甲組一般組),23,均,前,前,--,--,--,--,3,--,5
011192,物理學系物理組(乙組天文物理組),5,均,前,前,--,--,--,--,4,--,10
011202,物理學系光電物理組,9,均,前,前,--,--,--,--,4,--,10
011212,化學系,18,--,前,前,--,前,--,5,4,--,3
011222,理學院學士班,22,--,前,前,--,前,--,10,3,--,3
011232,生醫工程與環境科學系,28,--,前,前,--,前,--,3,3,--,3
011242,工程與系統科學系甲組(低碳綠能組),43,前,前,前,--,前,--,--,--,--,--
011252,工程與系統科學系乙組(智慧奈米系統組),35,前,前,前,--,前,--,--,--,--,--
011262,原子科學院學士班,14,均,前,前,--,前,3.5,3.5,3.5,--,3.5
011272,化學工程學系,33,前,前,前,--,頂,--,5,--,--,3
011282,動力機械工程學系甲組,3,前,前,前,--,前,--,12,12,--,12
011292,動力機械工程學系乙組,68,均,前,前,--,前,--,7,7,--,7
011302,材料科學工程學系,58,--,頂,前,--,頂,--,3,5,--,5
011312,工業工程與工程管理學系,41,均,前,頂,--,前,5,3,3,--,5
011322,工學院學士班,28,前,前,前,--,前,--,--,--,--,--
011332,電機工程學系甲組,5,--,頂,頂,--,頂,--,12,10,--,12
011342,電機工程學系乙組,50,--,均,頂,--,頂,--,3,3,--,3
011352,資訊工程學系甲組(電子資訊組),5,均,前,前,--,前,10,10,10,--,10
011362,資訊工程學系乙組(資訊工程組),66,--,前,前,--,前,--,3,3,--,10
011372,資訊工程學系丙組(人工智慧組),5,--,前,前,--,前,--,10,10,--,10
011392,電機資訊學院學士班,16,--,前,前,--,前,--,10,10,--,3
011402,生命科學系,29,--,前,前,--,前,--,5,3,--,--
011412,醫學科學系,20,前,前,前,--,頂,--,5,10,--,3
011422,生命科學院學士班,22,前,前,前,--,頂,--,--,--,--,--
011432,清華學院學士班甲組(不分系招生-音樂),6,前,前,前,--,--,5,3,4,--,--
011442,清華學院學士班乙組(不分系招生-美術),6,前,前,前,--,--,5,4,4,--,--
011452,清華學院學士班丙組(不分系招生-創新設計),6,均,前,均,--,均,--,5,--,--,--
011462,清華學院學士班丁組(不分系招生-創新領導),6,前,前,前,--,--,--,--,--,--,--
011472,清華學院學士班戊組(青年儲蓄帳戶組),2,前,前,前,--,前,--,--,--,--,--
011482,旭日招生甲組(人文、教育),9,均,均,--,均,--,--,--,--,--,--
011492,旭日招生乙組(科管),4,均,均,均,--,--,--,--,--,--,--
011502,旭日招生丙組(原科、生科、理學),9,--,均,前,--,均,--,--,--,--,--
011512,旭日招生丁組(工學院),7,--,均,前,--,前,--,--,--,--,--
011522,旭日招生戊組(電資院),6,--,前,前,--,前,--,--,--,--,--
011532,藝術學院學士班,16,均,均,均,--,--,6,5,3,--,--
011542,運動科學系,11,均,均,均,--,--,6,4,4,--,--
012012,牙醫學系,33,前,前,前,--,前,--,5,--,--,5
012022,醫學系,82,前,頂,頂,--,頂,8,5,5,--,3
012032,中醫學系甲組,43,前,頂,頂,--,頂,6,5,5,--,3
012042,中醫學系乙組,43,前,頂,頂,--,頂,6,5,5,--,3
012052,藥學系,171,--,均,均,--,均,--,--,3,--,5
012062,護理學系,57,後,後,--,--,後,--,3,--,--,8
012072,醫學檢驗生物技術學系,28,後,--,--,--,後,3,--,--,--,8
012082,營養學系,54,--,後,--,--,後,--,8,--,--,3
012092,物理治療學系,30,--,後,--,--,後,--,3,--,--,8
012102,生物科技學系,38,--,後,--,--,後,--,3,--,--,8
012112,運動醫學系,25,--,後,--,--,後,--,10,--,--,3
012122,中國藥學暨中藥資源學系,24,--,後,--,--,後,--,3,--,--,8
012132,藥用化妝品學系,28,--,後,--,--,後,--,8,--,--,3
012142,生物醫學影像暨放射科學學系,38,--,後,後,--,--,--,8,3,--,--
012152,公共衛生學院大一不分系,110,--,後,--,--,後,--,3,--,--,8
013012,電機工程學系(甲組),8,均,前,頂,--,頂,--,6,6,--,6
013022,電機工程學系(乙組),117,均,均,前,--,前,--,3,3,--,3
013032,光電工程學系,19,--,前,前,--,前,--,3,5,--,5
013042,資訊工程學系(甲組),5,均,前,頂,--,前,--,20,10,--,20
013052,資訊工程學系(乙組),98,均,前,頂,--,前,--,5,3,--,5
013072,奈米科學及工程學士學位學程,16,--,前,頂,--,頂,--,10,3,--,10
013082,材料科學與工程學系,26,--,均,--,--,均,--,3,--,--,3
013092,機械工程學系,55,前,均,前,--,前,--,8,8,--,8
013102,土木工程學系,39,均,均,均,--,均,--,3,5,--,3
013112,理學院科學學士學位學程(乙組),3,均,前,前,--,前,--,5,5,--,5
013122,理學院科學學士學位學程(丙組),4,均,前,前,--,前,--,5,5,--,5
013132,電子物理學系光電與奈米科學組,13,前,前,頂,--,頂,--,--,3.5,--,3.5
013142,電子物理學系電子物理組,13,前,前,頂,--,頂,--,--,3.5,--,3.5
013152,應用化學系,21,均,前,前,--,前,--,3,3,--,3
013162,應用數學系,27,--,均,前,--,均,--,8,3,--,8
013172,生物科技學系,46,--,--,--,--,前,--,10,7,--,3
013182,資訊管理與財務金融學系資訊管理組,12,均,前,前,--,前,--,8,4,--,12
013192,資訊管理與財務金融學系財務金融組,12,前,前,前,--,--,16,4,4,--,--
013202,管理科學系,20,前,前,前,--,--,--,3,3,--,--
013212,運輸與物流管理學系,27,均,前,前,--,均,3,3,3,--,3
013222,工業工程與管理學系,26,均,前,前,--,前,3,3,3,--,3
013232,外國語文學系,27,前,頂,--,均,--,3,5,--,--,--
013242,傳播與科技學系,18,前,前,--,前,--,3,3,--,3,--
013252,人文社會學系,19,均,前,--,均,--,3,3,--,3,--
013262,旋坤揚帆招生甲組(電機資訊),25,均,均,前,--,前,--,--,3,--,3
013272,旋坤揚帆招生乙組(工程),13,--,均,前,--,前,--,3.5,3.5,--,--
013282,旋坤揚帆招生丙組(理學生科),13,--,均,均,--,均,--,3.5,3.5,--,3.5
013292,旋坤揚帆招生丁組(管理),9,均,均,均,--,--,5.5,5.5,5.5,--,--
013302,旋坤揚帆招生戊組(人文社會),6,均,前,--,均,--,4,4,--,4,--
014012,中國文學學系,66,均,--,--,--,--,3,--,--,5,--
014022,歷史學系,65,--,--,--,後,--,5,--,--,3,--
014032,資訊與圖書館學系,68,--,後,--,--,--,3,--,--,--,--
014042,大眾傳播學系,27,後,後,--,--,--,3,3,--,--,--
014052,資訊傳播學系,58,後,後,--,--,--,3,3,3,--,--
014062,教育科技學系,64,後,後,--,--,--,3,--,--,3,--
014072,英文學系,58,--,均,--,--,--,3,6,--,--,--
014082,法國語文學系,52,--,均,--,--,--,4,3,--,--,--
014092,德國語文學系,27,均,均,--,--,--,5,3,--,6,--
014102,西班牙語文學系,69,--,均,--,--,--,3,3,--,--,--
014112,日本語文學系,99,均,--,--,--,--,6,3,--,9,--
014122,俄國語文學系,34,--,均,--,--,--,3,3,--,--,--
014132,商管學院全球財務管理全英語學士學位學程,36,--,均,--,--,--,3,3,3,--,--
014142,財務金融學系,60,--,--,後,--,--,3,3,3,--,--
014152,產業經濟學系,55,--,--,後,--,--,3,3,3,--,--
014162,國際企業學系經貿管理組,30,--,--,後,--,--,3,3,3,--,--
014172,國際企業學系國際商學全英語組,49,--,均,--,--,--,4,3,5,--,--
014182,風險管理與保險學系,55,--,--,後,--,--,3,3,3,--,--
014192,經濟學系,80,--,--,後,--,--,3,3,3,--,--
014202,會計學系,98,--,--,後,--,--,3,3,3,--,--
014212,企業管理學系,60,--,--,後,--,--,3,3,3,--,--
014222,統計學系,104,--,--,後,--,--,3,3,3,--,--
014232,資訊管理學系,90,--,--,後,--,--,3,3,3,--,--
014242,運輸管理學系,69,--,--,後,--,--,3,3,3,--,--
014252,公共行政學系,55,--,--,--,後,--,3,3,--,3,--
014262,管理科學學系(事業經營組),30,--,--,後,--,--,3,3,3,--,--
014272,管理科學學系(行銷與流通管理組),30,--,--,後,--,--,3,3,3,--,--
014282,外交與國際關係學系全英語學士班,31,--,均,--,--,--,5,3,--,4,--
014292,理學院尖端材料科學學士學位學程,19,--,後,後,--,後,--,--,5,--,3
014302,數學學系數學組,30,--,--,後,--,--,--,--,3,--,--
014312,數學學系資料科學與數理統計組,30,--,--,後,--,--,--,--,3,--,--
014322,化學學系化學與生物化學組,20,--,後,後,--,後,--,--,--,--,3
014332,化學學系材料化學組,25,--,後,後,--,後,--,--,--,--,3
014342,物理學系光電物理組,27,--,後,均,--,後,--,3,5,--,4
014352,物理學系應用物理組,27,--,後,均,--,後,--,3,5,--,4
014362,建築學系,35,後,後,後,--,--,3,3,3,--,--
014372,土木工程學系,72,--,--,--,--,後,--,--,3,--,3
014382,資訊工程學系,103,--,--,均,--,--,--,--,3,--,--
014392,機械與機電工程學系光機電整合組,34,--,--,後,--,--,3,3,3,--,3
014402,機械與機電工程學系精密機械組,34,--,--,後,--,--,3,3,3,--,3
014412,電機工程學系電機資訊組,38,--,--,均,--,--,--,4,4,--,4
014422,電機工程學系電機通訊組,39,--,--,均,--,--,--,4,4,--,4
014432,電機工程學系電機與系統組,40,--,--,均,--,--,--,4,4,--,4
014442,化學工程與材料工程學系,65,--,後,後,--,後,--,--,--,--,--
014452,航空太空工程學系,69,--,--,後,--,--,--,6,3,--,6
014462,水資源及環境工程學系水資源工程組,42,--,--,--,--,後,3,--,3,--,3
014472,水資源及環境工程學系環境工程組,42,--,--,--,--,後,3,--,3,--,3
014482,資訊創新與科技學系軟體工程全英語組(蘭陽校園),38,--,--,底,--,--,--,3,--,--,--
014492,資訊創新與科技學系應用資訊全英語組(蘭陽校園),38,--,--,底,--,--,--,3,--,--,--
014502,國際觀光管理學系全英語學士班(海外實習組蘭陽校園),35,--,均,--,--,--,--,3,--,--,--
014512,國際觀光管理學系全英語學士班(產業實習組蘭陽校園),43,--,均,--,--,--,--,3,--,--,--
014522,英美語言文化學系全英語學士班(蘭陽校園),38,--,均,--,--,--,--,3,--,--,--
014532,全球政治經濟學系全英語學士班(蘭陽校園),41,--,均,--,--,--,--,3,--,--,--
014562,財務金融學系(青年儲蓄帳戶組),1,--,--,後,--,--,--,--,--,--,--
014572,機械與機電工程學系光機電整合組(青年儲蓄帳戶組),1,--,--,後,--,--,--,--,--,--,--
014582,機械與機電工程學系精密機械組(青年儲蓄帳戶組),1,--,--,後,--,--,--,--,--,--,--
015012,機械與電腦輔助工程學系,60,--,--,--,--,後,--,--,--,--,--
015022,纖維與複合材料學系,80,--,--,--,--,後,--,--,--,--,--
015032,工業工程與系統管理學系,65,--,--,後,--,--,--,--,--,--,--
015042,化學工程學系,64,--,--,--,--,後,--,--,--,--,--
015052,航太與系統工程學系,78,--,--,--,--,後,--,--,--,--,--
015062,精密系統設計學士學位學程,27,--,--,後,--,--,--,--,--,--,--
015072,應用數學系,77,--,--,後,--,--,--,--,3,--,--
015082,材料科學與工程學系,70,--,後,--,--,後,--,--,--,--,5
015092,環境工程與科學學系,70,--,--,--,--,後,--,--,--,--,5
015102,光電科學與工程學系,85,--,--,後,--,--,--,--,3,--,3
015112,會計學系,65,--,--,--,均,--,4,3,--,5,--
015122,國際經營與貿易學系,89,--,均,後,--,--,--,--,--,--,--
015132,國際經營與貿易學系國際企業管理全英語學士班,32,--,均,--,均,--,--,--,--,--,--
015142,財稅學系,59,--,--,--,後,--,--,--,--,--,--
015152,合作經濟暨社會事業經營學系,12,--,--,--,後,--,--,4,--,--,--
015162,統計學系商業大數據組,35,--,--,後,--,--,--,--,3,--,--
015172,統計學系大數據分析與市場決策組,35,--,--,後,--,--,--,--,3,--,--
015182,經濟學系,68,--,--,後,--,--,--,3,5,--,--
015192,企業管理學系,70,後,後,--,--,--,4,3,--,5,--
015202,行銷學系,82,--,--,--,均,--,--,--,--,--,--
015212,中國文學系,33,均,--,--,--,--,3,--,--,--,--
015222,外國語文學系,57,--,均,--,--,--,--,3,--,--,--
015232,資訊工程學系,101,--,--,後,--,--,--,--,--,--,--
015252,電子工程學系,84,--,--,後,--,--,--,--,--,--,--
015262,電機工程學系,81,--,--,後,--,--,--,--,--,--,--
015272,自動控制工程學系,82,--,--,後,--,--,--,--,--,--,--
015282,資訊電機學院學士班,87,--,--,後,--,--,--,--,--,--,--
015292,通訊工程學系,83,--,--,後,--,--,--,--,--,--,--
015302,土木工程學系,61,--,--,後,--,--,--,--,3,--,3
015312,水利工程與資源保育學系,68,--,--,後,--,--,--,--,--,--,--
015322,都市計畫與空間資訊學系,72,後,--,--,後,--,4,--,--,4,--
015332,運輸與物流學系,74,後,後,後,--,--,--,5,4,--,--
015342,土地管理學系,72,後,後,--,後,--,--,--,--,--,--
015352,財務金融學系,105,--,均,後,--,--,--,--,--,--,--
015362,風險管理與保險學系,73,--,後,--,--,--,--,--,--,--,--
015372,財務工程與精算學士學位學程,34,--,--,均,--,--,--,--,--,--,--
015382,建築專業學院學士班,78,均,後,--,--,--,3,3,--,--,--
015392,澳洲墨爾本皇家理工大學商學與創新雙學士學位學程,20,--,前,--,--,--,--,3,--,--,--
015402,美國普渡大學電機資訊雙學士學位學程,11,--,前,均,--,--,--,--,3,--,--
015412,美國加州聖荷西州立大學商學大數據分析雙學士學位學程,21,--,均,--,--,--,--,3,--,--,--
015422,美國加州聖荷西州立大學工程雙學士學位學程,17,--,均,均,--,--,--,--,3,--,--
015432,美國加州舊金山州立大學資訊工程雙學士學位學程,19,--,均,均,--,--,--,--,3,--,--
016012,中國文學系,19,前,均,後,均,--,3,5,--,--,--
016022,英美語文學系,13,均,前,--,均,--,8,3.5,--,--,--
016032,法國語文學系,14,前,前,--,前,--,6,3,--,10,--
016042,文學院學士班,8,前,前,--,均,--,6,3,--,10,--
016052,數學系數學科學組,17,均,均,前,--,均,--,--,3,--,--
016062,數學系計算與資料科學組,17,均,均,前,--,均,--,--,3,--,--
016072,物理學系,22,均,均,均,--,均,--,--,6,--,3
016082,化學學系,16,均,均,均,--,均,3,3,3,--,3
016092,光電科學與工程學系,15,均,均,均,--,均,10,10,3,--,5
016102,土木工程學系,41,均,均,均,--,均,--,--,--,--,--
016112,機械工程學系光機電工程組,24,均,均,前,--,前,--,3,3,--,3
016122,機械工程學系先進材料與精密製造組,24,均,均,前,--,前,--,3,3,--,3
016132,機械工程學系設計與分析組,24,均,均,前,--,前,--,3,3,--,3
016142,化學工程與材料工程學系,24,--,--,頂,--,頂,--,--,3,--,3
016152,工學院學士班,14,--,均,均,--,前,--,--,--,--,--
016162,企業管理學系,47,前,前,前,--,--,10,10,10,--,--
016172,資訊管理學系,39,--,--,均,均,--,--,3,8,--,4
016192,經濟學系,23,均,均,前,--,--,10,10,3,--,--
016202,財務金融學系,29,前,前,前,均,--,10,10,10,8,--
016212,電機工程學系,62,均,前,前,--,前,--,3,6,--,6
016222,資訊工程學系,55,前,前,前,--,前,--,10,3,--,5
016242,通訊工程學系,20,均,均,前,--,均,--,3,3,--,4
016252,資訊電機學院學士班,7,均,前,前,--,前,12,6,6,--,6
016262,大氣科學學系,14,均,均,前,--,前,--,--,6,--,6
016272,太空科學與工程學系,14,均,均,前,--,前,--,--,6,--,6
016282,地球科學學系,34,--,前,前,--,前,--,6,6,--,3
016292,地球科學學院學士班,9,均,前,前,--,前,--,--,--,--,--
016302,客家語文暨社會科學學系,30,前,均,--,前,--,3,3,--,3,--
016312,生命科學系,11,--,均,均,--,前,--,--,8,--,4
016322,生醫科學與工程學系,18,--,前,均,--,前,--,3,--,--,3
016332,向日葵聯合招生甲組(電資),3,均,均,均,--,均,--,--,--,--,--
016342,向日葵聯合招生乙組(商管),5,均,均,均,均,--,--,--,--,--,--
016352,向日葵聯合招生丙組(理學),12,均,均,均,--,均,--,--,--,--,--
016362,向日葵聯合招生丁組(工程),9,均,均,均,--,均,--,--,--,--,--
016372,向日葵聯合招生戊組(人社),8,均,均,--,均,--,--,--,--,--,--
017012,哲學系,24,後,--,--,--,--,3,6,--,6,--
017022,中國文學系中國文學組,51,後,--,--,--,--,3,5,--,--,--
017032,中國文學系文藝創作組,28,後,--,--,--,--,3,5,--,--,--
017042,史學系,29,底,底,--,底,--,3,3,--,3,--
017052,日本語文學系,50,後,--,--,--,--,3,--,--,--,--
017062,韓國語文學系,53,--,後,--,--,--,3,3,--,--,--
017072,俄國語文學系,25,後,後,--,--,--,3,3,--,--,--
017082,英國語文學系,50,--,後,--,--,--,--,3,--,--,--
017092,法國語文學系,25,--,後,--,--,--,--,3,--,--,--
017102,應用數學系,66,--,--,底,--,--,3,3,4,--,--
017112,光電物理學系,32,--,--,底,--,--,--,--,3,--,--
017122,化學系,34,--,--,--,--,後,--,--,--,--,3
017132,地理學系,31,後,--,--,--,--,6,--,--,3,--
017142,大氣科學系,28,--,--,底,--,--,--,--,3,--,--
017152,地質學系,28,--,--,--,--,後,--,7,6,--,3
017162,生命科學系,34,--,--,--,--,後,--,3,--,--,5
017172,法律學系法學組,59,底,--,--,--,--,3,4,--,--,--
017182,法律學系財經法律組,58,底,--,--,--,--,3,4,--,--,--
017192,法律學系企業金融法制組,21,底,後,--,--,--,3,4,--,--,--
017202,政治學系,22,後,--,--,--,--,3,3,--,--,--
017212,經濟學系,55,底,--,--,--,--,--,3,5,--,--
017222,勞動暨人力資源學系,58,底,--,--,--,--,3,3,--,3,--
017232,社會福利學系,60,底,底,--,--,--,--,3,--,--,--
017242,行政管理學系,50,--,--,--,底,--,--,3,--,3,--
017252,園藝暨生物技術學系,31,--,--,--,--,底,--,--,--,--,3
017262,動物科學系,31,--,--,--,--,後,3,--,--,--,3
017272,森林暨自然保育學系,34,--,--,--,--,底,--,6,--,--,3
017282,土地資源學系,32,底,--,--,--,--,10,6,3,--,--
017292,生活應用科學系,28,--,--,--,底,--,--,--,--,3,--
017302,保健營養學系,35,--,--,--,--,後,--,--,--,--,--
017312,化學工程與材料工程學系,62,--,--,--,--,底,--,3,3,--,3
017322,電機工程學系,52,--,--,底,--,--,--,--,3,--,--
017332,機械工程學系,64,--,--,底,--,--,3,3,3,--,--
017342,紡織工程學系,36,--,--,--,--,底,--,--,--,--,3
017352,資訊工程學系,48,--,--,底,--,--,--,--,3,--,--
017362,國際貿易學系,75,--,後,--,--,--,--,3,--,--,--
017372,國際企業管理學系,75,後,--,--,--,--,3,--,--,--,--
017382,會計學系,58,底,--,--,--,--,3,--,--,--,--
017392,觀光事業學系,60,--,--,--,後,--,3,3,--,--,--
017402,資訊管理學系(智慧商務科技組),55,--,--,--,底,--,--,3,--,--,--
017412,資訊管理學系(雲端服務暨巨量資料組),32,--,--,--,底,--,--,--,3,--,--
017422,財務金融學系金融行銷組,20,底,--,--,--,--,3,3,--,--,--
017432,財務金融學系財務金融組,52,--,--,底,--,--,--,3,6,--,--
017442,全球商務學士學位學程,34,--,底,--,--,--,--,3,--,--,--
017452,新聞學系,50,後,後,--,--,--,3,3,--,--,--
017462,廣告學系,56,後,後,--,--,--,6,3,--,--,--
017472,資訊傳播學系,63,後,後,後,--,--,--,3,5,--,--
017482,大眾傳播學系,49,底,--,--,--,--,3,3,--,--,--
017492,都市計劃與開發管理學系,35,--,後,後,--,--,--,3,3,--,--
017502,建築及都市設計學系,39,--,後,--,--,--,3,3,3,--,--
017512,景觀學系,34,--,後,--,--,--,--,3,--,--,--
017522,教育學系,35,後,--,--,--,--,5,6,--,3,--
017532,心理輔導學系,35,後,--,--,--,--,6,3,--,5,--
017542,戲劇學系,47,底,--,--,--,--,5,5,--,--,--
017552,中國戲劇學系,50,底,--,--,--,--,5,--,--,--,--
017562,日本語文學系(青年儲蓄帳戶組),3,後,--,--,--,--,--,--,--,--,--
017572,韓國語文學系(青年儲蓄帳戶組),1,--,後,--,--,--,--,--,--,--,--
017582,英國語文學系(青年儲蓄帳戶組),3,--,後,--,--,--,--,--,--,--,--
017592,經濟學系(青年儲蓄帳戶組),5,底,--,--,--,--,--,--,--,--,--
017602,社會福利學系(青年儲蓄帳戶組),3,底,底,--,--,--,--,--,--,--,--
017612,大眾傳播學系(青年儲蓄帳戶組),1,底,--,--,--,--,--,--,--,--,--
017622,都市計劃與開發管理學系(青年儲蓄帳戶組),1,--,後,後,--,--,--,--,--,--,--
017632,景觀學系(青年儲蓄帳戶組),1,--,後,--,--,--,--,--,--,--,--
018012,英國語文學系-一般組,60,--,均,--,--,--,--,3,--,--,--
018022,英國語文學系-類繁星組,12,--,均,--,--,--,--,3,--,--,--
018032,西班牙語文學系-一般組,69,後,後,--,--,--,--,--,--,--,--
018042,西班牙語文學系-類繁星組,10,後,後,--,--,--,--,--,--,--,--
018052,日本語文學系-一般組,36,均,--,--,--,--,--,--,--,--,--
018062,日本語文學系-類繁星組,20,均,--,--,--,--,--,--,--,--,--
018072,中國文學系-一般組,65,均,--,--,--,--,3,--,--,--,--
018082,中國文學系-類繁星組,13,均,--,--,--,--,3.5,--,--,--,--
018092,社會工作與兒童少年福利學系-一般組,65,--,後,--,--,--,3,--,--,--,--
018102,社會工作與兒童少年福利學系-類繁星組,6,--,後,--,--,--,5,5,--,--,--
018112,台灣文學系-一般組,37,後,--,--,後,--,3,--,--,3,--
018122,台灣文學系-類繁星組,3,後,--,--,後,--,5,--,--,5,--
018132,法律學系-一般組,59,後,後,--,--,--,5,3,--,--,--
018142,法律學系-類繁星組,17,後,後,--,--,--,6,3,--,--,--
018152,生態人文學系-一般組,31,後,--,--,--,--,3,--,--,--,--
018162,生態人文學系-類繁星組,10,後,--,--,--,--,5,--,--,--,--
018172,大眾傳播學系-一般組,34,均,--,--,--,--,--,--,--,--,--
018182,大眾傳播學系-類繁星組,3,均,--,--,--,--,--,--,--,--,--
018192,財務工程學系-一般組,35,--,--,後,--,--,3,3,3,--,--
018202,財務工程學系-類繁星組,3,--,--,後,--,--,16,16,16,--,--
018212,應用化學系-一般組,65,--,--,--,--,底,5,--,--,--,3
018222,應用化學系-類繁星組,14,--,--,--,--,底,5,--,--,--,3
018232,食品營養學系營養與保健組-一般組,28,後,底,--,--,底,3,5,--,--,--
018242,食品營養學系營養與保健組-類繁星組,12,後,底,--,--,底,4,5,--,--,--
018252,食品營養學系食品與生物技術組-一般組,26,後,底,--,--,底,3,5,--,--,--
018262,食品營養學系食品與生物技術組-類繁星組,12,後,底,--,--,底,4,5,--,--,--
018272,化粧品科學系-一般組,66,底,底,--,--,--,3,3,--,--,--
018282,化粧品科學系-類繁星組,15,--,--,--,--,底,3,3,--,--,3
018292,資料科學暨大數據分析與應用學系-一般組,62,--,--,底,--,--,3,--,3,--,--
018302,資料科學暨大數據分析與應用學系-類繁星組,13,--,--,底,--,--,3,--,3,--,--
018312,企業管理學系-一般組,86,後,後,--,--,--,5,3,--,--,--
018322,企業管理學系-類繁星組,10,--,後,--,--,--,--,--,--,--,--
018332,國際企業學系-一般組,85,--,底,--,--,--,3,--,--,--,--
018342,國際企業學系-類繁星組,12,--,底,--,--,--,3,--,--,--,--
018352,會計學系-一般組,83,後,--,--,--,--,--,--,--,--,--
018362,會計學系-類繁星組,12,後,--,--,--,--,--,--,--,--,--
018372,觀光事業學系-一般組,85,後,後,--,--,--,--,3,--,--,--
018382,觀光事業學系-類繁星組,10,後,後,--,--,--,--,3,--,--,--
018392,財務金融學系-一般組,87,--,--,後,--,--,4,--,3,--,--
018402,財務金融學系-類繁星組,8,--,--,後,--,--,6,--,5,--,--
018412,資訊管理學系-一般組,70,--,--,底,--,--,--,3,3,--,--
018432,資訊管理學系-類繁星組,15,--,--,底,--,--,--,--,3,--,--
018442,資訊工程學系-一般組,78,--,--,後,--,--,--,--,--,--,--
018462,資訊工程學系-類繁星組,12,--,--,後,--,--,--,--,--,--,--
018472,資訊傳播工程學系-一般組,77,--,--,底,--,--,4,--,3,--,--
018492,資訊傳播工程學系-類繁星組,12,--,--,底,--,--,--,--,4,--,--
018502,寰宇管理學士學位學程,36,--,均,--,--,--,--,3,--,--,--
018512,寰宇外語教育學士學位學程-一般組,25,後,均,--,--,--,4,3,--,--,--
018522,寰宇外語教育學士學位學程-類繁星組,5,後,均,--,--,--,6,5,--,--,--
019012,機械工程學系電子機械組,33,--,後,--,--,--,--,--,--,--,--
019022,機械工程學系精密機械組,27,--,後,--,--,--,--,--,--,--,--
019032,化學工程與生物科技學系,64,--,後,--,--,--,--,--,--,--,3
019042,材料工程學系,33,--,後,--,--,--,--,--,--,--,--
019052,工程學院學士班,27,--,後,--,--,--,--,--,--,--,--
019062,電機工程學系,59,--,後,後,--,--,--,--,3,--,--
019072,資訊工程學系,53,--,後,--,--,--,--,--,3,--,--
019082,工業設計學系,40,--,後,--,--,--,--,4.5,--,--,--
019092,媒體設計學系互動媒體設計組,23,--,後,--,--,--,--,3,--,--,--
019102,媒體設計學系數位遊戲設計組,23,--,--,後,--,--,--,4.5,3,--,--
019112,事業經營學系,50,底,--,--,--,--,--,3,--,6,--
019122,資訊經營學系,30,底,底,--,--,--,--,--,--,--,--
019132,應用外語學系,24,--,均,--,--,--,--,--,--,--,--
019142,材料工程學系(青年儲蓄帳戶組),1,--,後,--,--,--,--,--,--,--,--
019152,電機工程學系(青年儲蓄帳戶組),1,--,後,--,--,--,--,--,--,--,--
019162,資訊工程學系(青年儲蓄帳戶組),1,--,後,--,--,--,--,--,--,--,--
020012,中國文學系,69,均,--,--,--,--,7,--,--,--,--
020022,歷史學系,63,底,底,--,底,--,3,3,--,3,--
020032,哲學系,64,後,--,--,--,--,--,--,--,--,--
020042,景觀設計學系,25,後,後,--,--,--,--,--,--,--,--
020052,影像傳播學系,32,均,均,--,均,--,3,3,--,3,--
020062,新聞傳播學系,24,均,均,--,均,--,3,3,--,3,--
020072,廣告傳播學系,24,均,均,均,--,--,3,3,3,--,--
020082,圖書資訊學系,31,後,--,--,--,--,--,--,--,--,--
020092,教育領導與科技發展學士學位學程,19,均,--,--,均,--,--,--,--,--,--
020102,護理學系,55,--,均,--,--,--,--,3,--,--,--
020112,公共衛生學系,32,--,底,--,--,--,6,--,--,--,--
020122,公共衛生學系(青年儲蓄帳戶組),1,--,底,--,--,--,--,--,--,--,--
020132,醫學系,22,頂,頂,頂,--,頂,8,5,5,--,3
020142,醫學系(公費生),6,頂,頂,頂,--,頂,8,5,5,--,3
020152,臨床心理學系,33,後,後,後,--,後,--,--,--,--,--
020162,職能治療學系,30,--,均,--,--,均,5,6,--,--,3
020172,呼吸治療學系,22,--,均,--,--,均,--,--,--,--,3
020182,數學系資訊數學組,28,--,--,均,--,--,--,--,3,--,--
020192,數學系應用數學組,32,--,--,均,--,--,--,--,3,--,--
020202,化學系,65,--,後,--,--,均,--,--,--,--,3
020212,資訊工程學系,67,--,--,後,--,--,--,--,--,--,--
020232,生命科學系,67,--,--,--,--,均,--,--,--,--,3
020242,物理學系物理組,30,--,--,後,--,後,--,--,3,--,3
020252,物理學系光電物理組,30,--,--,後,--,後,--,--,3,--,3
020262,電機工程學系,68,--,--,後,--,--,--,--,--,--,--
020272,醫學資訊與創新應用學士學位學程,22,--,--,後,--,--,--,--,--,--,--
020282,英國語文學系,32,前,頂,--,--,--,4,3,--,--,--
020292,法國語文學系,32,均,均,--,均,--,5,3,--,--,--
020302,西班牙語文學系,32,均,均,--,均,--,3,3,--,3,--
020312,日本語文學系,60,均,均,--,均,--,3,4,--,5,--
020322,義大利語文學系,32,均,均,--,--,--,5,3,--,--,--
020332,德語語文學系,32,均,均,--,--,--,3,6,--,--,--
020342,織品服裝學系織品設計組,36,均,均,--,均,--,--,3,--,--,--
020352,織品服裝學系服飾設計組,32,均,均,--,均,--,--,3,--,--,--
020362,織品服裝學系織品服飾行銷組,69,均,均,均,--,--,--,2.5,--,--,--
020372,餐旅管理學系,74,--,均,--,--,--,--,--,--,--,--
020382,兒童與家庭學系,30,--,後,--,--,--,3,3,3,--,--
020392,食品科學系,32,--,--,--,--,均,--,6,--,--,3
020402,營養科學系,34,均,均,--,--,均,--,3,--,--,5
020412,法律學系,60,均,前,--,--,--,--,3,--,--,--
020422,財經法律學系,30,均,前,--,--,--,--,3,--,--,--
020432,企業管理學系,84,--,均,--,--,--,--,--,--,--,--
020442,企業管理學系(青年儲蓄帳戶組),3,--,均,--,--,--,--,--,--,--,--
020452,會計學系,61,--,均,均,--,--,--,--,--,--,--
020462,資訊管理學系,66,--,均,均,--,--,3,5,5,--,--
020472,統計資訊學系,61,--,均,均,--,--,--,--,--,--,--
020482,金融與國際企業學系,55,均,均,均,--,--,--,4,4,--,--
020492,社會學系,32,均,均,--,均,--,--,--,--,--,--
020502,社會工作學系,32,均,後,--,--,--,3,3,--,--,--
020512,經濟學系,64,--,均,均,--,--,--,3,3,--,--
020522,宗教學系,49,底,--,--,底,--,3,--,--,3,--
020532,心理學系,32,後,後,後,--,--,--,--,--,--,--
021012,商船學系,57,--,均,均,--,--,--,6,3,--,--
021022,航運管理學系,46,--,均,均,--,--,--,3,5,--,--
021032,運輸科學系A組,22,--,均,均,--,--,--,3,5,--,--
021042,運輸科學系B組,22,--,均,均,--,--,--,3,5,--,--
021052,輪機工程學系能源應用組,19,--,均,均,--,均,--,3,4,--,6
021062,輪機工程學系動力工程組,19,--,均,均,--,均,--,3,4,--,6
021072,食品科學系食品科學組,20,--,均,--,--,均,--,5,--,--,3
021082,食品科學系生物科技組,21,--,均,--,--,均,--,3,--,--,5
021092,水產養殖學系,36,--,後,後,--,均,--,5,--,--,3
021102,生命科學暨生物科技學系,21,--,均,--,--,均,--,--,--,--,--
021112,系統工程暨造船學系,27,--,均,均,--,均,--,6,4,--,3
021122,河海工程學系,47,--,--,後,--,--,--,--,3,--,--
021132,河海工程學系(青年儲蓄帳戶組),1,--,--,後,--,--,--,--,--,--,--
021142,機械與機電工程學系,48,--,--,均,--,均,--,3,5.5,--,6
021152,海洋環境資訊系,28,--,均,均,--,後,--,3,4,--,5
021162,環境生物與漁業科學學系,17,--,均,均,--,--,5,3,3,--,6
021172,電機工程學系,52,--,均,均,--,均,--,--,3,--,--
021182,電機工程學系(青年儲蓄帳戶組),1,--,均,均,--,--,--,--,--,--,--
021192,資訊工程學系,51,--,均,均,--,均,--,--,3,--,--
021212,資訊工程學系(青年儲蓄帳戶組),1,--,均,均,--,均,--,--,--,--,--
021222,通訊與導航工程學系,29,--,均,均,--,均,--,6,3,--,5.5
021232,光電與材料科技學系,17,--,均,均,--,均,--,6,3,--,4
021242,海洋觀光管理學士學位學程,12,均,均,後,後,--,5,4,6,5.5,--
021252,海洋觀光管理學士學位學程(青年儲蓄帳戶組),1,均,均,後,後,--,--,--,--,--,--
021262,海洋法政學士學位學程,15,均,均,均,--,--,3,6,--,--,--
021272,海洋文創設計產業學士學位學程,14,均,後,--,後,--,6,8,--,--,--
021282,海洋經營管理學士學位學程,11,--,均,後,--,--,--,4.5,6,--,--
021292,海洋經營管理學士學位學程(青年儲蓄帳戶組),1,--,均,均,--,--,--,--,--,--,--
021302,海洋工程科技學士學位學程,13,--,--,後,--,--,--,--,3.5,--,4
021312,海洋生物科技學士學位學程,13,--,後,--,--,後,--,5,--,--,3.5
022012,數學系數學組,18,--,後,均,--,後,--,--,3,--,--
022022,數學系應用數學組,18,--,後,均,--,後,--,--,3,--,--
022032,化學系,18,--,均,均,--,均,--,3,--,--,5
022042,物理學系,19,--,--,均,--,均,--,--,5,--,3
022052,生物科技系,19,均,均,均,--,均,--,--,--,--,3
022062,工業設計學系,17,均,均,均,--,--,--,3,--,--,--
022072,電機工程學系,20,--,--,均,--,均,--,--,5,--,7
022082,電子工程學系,20,--,--,均,--,均,--,--,7,--,5
022092,軟體工程與管理學系,9,--,均,均,--,--,5,5,4.5,--,--
022102,工業科技教育學系科技教育與訓練組,11,--,--,均,--,--,--,3.5,4,--,--
022112,工業科技教育學系能源與冷凍空調組,7,--,--,均,--,均,--,6,5.5,--,5
022122,事業經營學系,12,均,均,均,--,--,--,5,4,--,--
022132,地理學系,14,均,均,均,均,--,5,5,4,3.5,--
022142,特殊教育學系,17,均,均,均,均,--,3,4,5,6,--
022152,英語學系,28,均,頂,--,均,--,10,2.5,--,5,--
022162,教育學系,14,前,前,均,均,--,--,3.5,--,--,--
022172,國文學系,38,前,均,--,均,--,2.5,12,--,10,--
023012,輔導與諮商學系學校輔導與諮商組,12,前,前,均,均,--,--,--,--,--,--
023022,輔導與諮商學系社區輔導與諮商組,11,前,前,均,均,--,--,--,--,--,--
023032,特殊教育學系,19,均,均,均,--,--,--,--,--,--,--
023042,數學系,25,--,--,前,--,--,--,8,3,--,--
023052,物理學系物理組,20,--,均,均,--,均,--,10,5,--,3
023062,物理學系光電組,19,--,均,均,--,均,--,10,5,--,3
023072,生物學系,18,均,均,--,--,均,3,3,--,--,5
023082,化學系,23,--,均,均,--,前,--,10,8,--,3
023092,英語學系,19,前,頂,--,均,--,--,3,--,--,--
023102,國文學系,23,前,均,--,均,--,3,6,--,--,--
023112,地理學系,17,--,均,均,均,均,--,--,8,3,6
023122,機電工程學系,22,均,均,均,--,均,--,--,--,--,--
023132,電機工程學系,23,均,均,均,--,均,10,8,5,--,7
023142,電子工程學系,23,--,均,均,--,均,--,--,--,--,--
023152,資訊工程學系,24,--,均,均,--,均,--,--,--,--,--
023172,企業管理學系,21,均,前,均,--,--,10,8,5,--,--
023182,會計學系,27,均,均,均,--,--,5,3,4,--,--
023192,資訊管理學系資訊管理組,14,均,均,均,--,--,5,6,7,--,--
023202,資訊管理學系數位內容科技與管理組,15,均,均,均,--,--,5,6,7,--,--
023212,公共事務與公民教育學系公民教育組,2,前,前,均,前,--,--,--,--,--,--
023222,公共事務與公民教育學系公共事務組,2,前,前,均,前,--,--,--,--,--,--
023232,揚鷹招生A組(教文社),7,均,均,--,均,--,5,5,--,5,--
023242,揚鷹招生B組(管理),3,均,均,均,--,--,8,8,8,--,--
023252,揚鷹招生C組(理工),6,--,均,均,--,均,--,5,5,--,5
025012,醫學系醫師組,39,頂,頂,頂,--,頂,4,3,3,--,2
025022,醫學系醫師科學家組,10,頂,頂,頂,--,頂,4,3,2.5,--,2
025032,醫學系醫師工程師組,10,頂,頂,頂,--,頂,4,3,2,--,2.5
025042,牙醫學系,14,頂,頂,頂,--,頂,--,4,3.5,--,3.5
025052,醫學生物技術暨檢驗學系,21,--,均,--,--,均,--,10,--,--,3
025062,生物醫學影像暨放射科學系,21,--,均,均,--,均,--,3,3,--,3
025072,護理學系,24,均,均,均,--,均,--,3,--,--,6
025082,護理學系(青年儲蓄帳戶組),1,均,均,均,--,均,--,--,--,--,--
025092,物理治療暨輔助科技學系,20,均,均,均,--,均,--,3,3,--,3
025102,生命科學系暨基因體科學研究所,12,--,前,前,--,前,--,6,5,--,4
025112,生物醫學工程學系,16,--,--,前,--,前,--,--,4,--,3
025122,生物醫學暨工程學院聯合招生,8,--,均,均,--,均,--,3,3,--,3
025132,藥學系,18,均,均,均,--,均,--,3,4.5,--,3
025142,學士班大一大二不分系,11,--,均,前,--,前,--,6,4.5,--,4.5
025152,醫學系(公費生),10,頂,頂,頂,--,頂,4,3,3,--,2
025162,醫學系璞玉組,2,均,前,前,--,前,--,6,5,--,5
025172,牙醫學系璞玉組,2,均,前,前,--,前,--,6,5,--,5
025182,不分系招生璞玉組,8,均,前,前,--,前,--,6,5,--,5
026012,醫學系,70,頂,頂,頂,--,頂,3,3,8,--,8
026022,牙醫學系,32,前,頂,前,--,頂,10,5,8,--,3
026032,物理治療學系,17,--,均,--,--,均,10,3,--,--,6
026042,職能治療學系,20,--,均,--,--,均,10,3,--,--,6
026052,語言治療與聽力學系語言治療組,21,--,均,--,--,均,3,3,3,--,3
026062,語言治療與聽力學系聽力組,21,--,均,--,--,均,3,3,3,--,3
026072,生物醫學科學學系,42,--,--,--,--,均,--,--,--,--,3
026082,視光學系,34,--,後,--,--,均,--,5,--,--,3
026092,醫學影像暨放射科學系,42,--,--,--,--,均,--,5,5,--,3
026102,心理學系,28,--,後,--,--,--,10,3,8,--,--
026112,營養學系,35,--,後,--,--,後,--,3,--,--,5
026122,職業安全衛生學系,29,底,底,底,--,底,--,--,--,--,--
026132,醫學應用化學系,24,--,--,--,--,均,--,--,--,--,--
026142,健康餐飲暨產業管理學系,24,--,後,後,--,後,--,5,5,--,3
026152,護理學系,57,後,後,--,--,後,5,4,--,--,3
026162,醫學檢驗暨生物技術學系,43,--,均,--,--,均,--,3,--,--,3
026172,應用外國語言學系,29,--,均,--,--,--,5,3,--,--,--
026182,公共衛生學系,37,--,後,--,--,--,--,3,--,--,--
026192,醫學社會暨社會工作學系,48,--,--,--,均,--,3,8,--,3,--
026202,醫學資訊學系,20,--,後,後,--,--,--,5,3,--,--
026212,醫療產業科技管理學系,20,後,均,後,--,--,6,3,5,--,--
027012,中國文學系,16,前,均,--,前,--,3,11,--,8,--
027022,外國語文學系,26,均,前,--,均,--,8,3,--,8,--
027042,生物科學系,24,均,均,均,--,前,20,20,10,--,3
027052,化學系,19,均,均,均,--,前,--,--,10,--,3
027062,物理學系,23,均,均,均,--,均,--,3,3,--,3
027072,應用數學系,29,--,均,均,--,均,--,--,3,--,--
027082,電機工程學系,77,--,均,均,--,均,--,--,--,--,--
027092,機械與機電工程學系,68,--,均,前,--,前,--,5,3,--,4
027102,資訊工程學系,32,--,均,前,--,前,--,3,6,--,6
027112,光電工程學系,27,均,均,前,--,前,--,--,3,--,4
027122,材料與光電科學學系,29,--,均,前,--,前,--,5,3,--,3
027132,企業管理學系,38,均,均,均,--,--,5,8,3,--,--
027142,資訊管理學系,27,--,均,前,--,--,--,--,--,--,--
027152,財務管理學系,28,均,均,均,--,--,3,8,10,--,--
027162,海洋生物科技暨資源學系,19,--,均,均,--,均,--,3,3,--,3
027172,海洋環境及工程學系,25,均,均,前,--,前,--,4,3,--,3
027182,海洋科學系,15,均,均,均,--,均,--,4,3,--,3
027192,政治經濟學系,29,--,均,均,--,--,--,3,5,--,--
027202,社會學系,16,--,均,--,均,--,--,3,--,3,--
027212,人文暨科技跨領域學士學位學程,13,均,--,均,--,--,10,--,3,--,--
027222,西灣南星A組(文學院),2,均,均,--,均,--,5,5,--,5,--
027232,西灣南星B組(管理學院),5,均,均,均,--,--,5,5,5,--,--
027242,西灣南星C組(理學院),3,--,均,均,--,均,--,5,5,--,5
027252,西灣南星D組(工學院),7,--,均,均,--,均,--,5,5,--,5
027262,西灣南星E組(海科院),4,--,均,均,--,均,--,5,5,--,5
027272,西灣南星F組(社科院),1,均,均,--,均,--,5,5,--,5,--
027282,西灣南星G組(西灣學院),1,均,--,均,--,--,5,--,5,--,--
030012,醫學系,55,前,前,前,--,前,3,3,10,--,3
030022,醫學系(公費生),5,前,前,前,--,前,3,3,10,--,3
030032,中醫學系,29,頂,頂,頂,--,頂,8,6,6,--,3
030042,護理學系,40,均,均,均,--,均,4,5,4,--,3
030052,醫學生物技術暨檢驗學系,29,--,均,均,--,均,--,3,--,--,3
030062,醫學影像暨放射科學系,17,--,均,均,--,均,--,3,3,--,3
030072,物理治療學系,18,均,均,--,--,均,3,3,--,--,3
030082,職能治療學系,18,--,均,--,--,均,--,6,--,--,3
030092,生物醫學系,64,--,均,均,--,均,--,3,--,--,3
030102,呼吸治療學系,21,--,均,--,--,均,--,9,--,--,3
030112,電機工程學系,47,--,--,均,--,--,--,--,3,--,3
030122,機械工程學系,20,--,均,均,--,--,--,6,3,--,3
030132,化工與材料工程學系,23,--,均,均,--,均,8,6,6,--,3
030142,電子工程學系,39,--,--,--,--,均,--,3,4,--,5
030152,資訊工程學系,23,--,均,均,--,均,--,5,3,--,4
030162,人工智慧學士學位學程,15,--,均,均,--,均,--,5,3,--,4
030172,醫務管理學系,26,--,均,--,--,--,3,3,--,--,--
030182,工商管理學系,20,--,--,均,--,--,--,--,3,--,--
030192,工業設計學系,25,--,均,--,--,--,--,--,--,--,--
030202,資訊管理學系,61,--,--,均,--,--,5,4,3,--,--
030212,鯤鵬展翅組,16,後,--,--,--,--,2,--,--,--,--
031012,教育學系,24,均,--,--,均,均,2,--,5,--,--
031022,特殊教育學系,18,均,均,--,--,--,3,5,4,--,--
031032,幼兒教育學系,24,均,--,--,--,--,3,--,--,--,--
031042,體育學系非運動專長組,7,--,--,後,--,--,--,--,--,--,--
031052,語文教育學系,6,前,均,後,均,--,3,--,--,--,--
031062,區域與社會發展學系,15,--,--,--,均,--,--,--,--,--,--
031072,諮商與應用心理學系,25,均,均,均,--,--,4,3,6,--,--
031082,台灣語文學系,14,均,均,--,均,--,3,4,--,10,--
031092,英語學系,16,均,前,底,均,--,--,3,--,--,--
031102,英語學系(公費生),1,前,頂,均,--,--,--,12,--,--,--
031112,數學教育學系,11,--,--,均,--,--,--,--,3,--,--
031122,科學教育與應用學系,23,--,--,均,--,均,--,--,--,--,--
031132,科學教育與應用學系(青年儲蓄帳戶組),2,--,--,均,--,均,--,--,--,--,--
031142,資訊工程學系,29,--,--,均,--,--,--,--,--,--,--
031152,數位內容科技學系,28,均,均,均,--,均,--,--,--,--,--
031162,國際企業學系,16,均,均,--,--,--,--,10,6,--,--
031172,文化創意產業設計與營運學系,12,--,均,--,--,--,--,10,--,--,--
032012,教育學系,20,前,均,均,均,--,3,--,3,--,--
032022,教育經營與管理學系,20,均,前,均,--,--,3,3,3,--,--
032032,教育經營與管理學系(芝山組),2,均,均,均,--,--,5,5,5,--,--
032042,幼兒與家庭教育學系,18,前,均,均,均,--,5,3,--,--,--
032052,特殊教育學系,21,均,均,均,均,--,5,4,3,--,--
032062,心理與諮商學系,8,均,均,均,--,--,5,4,3,--,--
032072,心理與諮商學系(芝山組),4,均,均,後,--,--,5,4,3,--,--
032082,社會與區域發展學系,25,均,均,均,均,--,--,--,--,3,--
032092,兒童英語教育學系,10,前,頂,均,--,--,--,4,--,--,--
032102,語文與創作學系語文師資組,16,前,均,均,均,--,3,5,--,--,--
032112,語文與創作學系文學創作組,18,前,均,--,均,--,3,5,--,--,--
032122,文化創意產業經營學系,21,均,均,均,均,--,--,--,--,--,--
032132,數學暨資訊教育學系數學組,14,--,均,均,--,--,4,5,3,--,--
032142,數學暨資訊教育學系資訊組,12,--,均,均,--,--,5,5,3,--,--
032162,自然科學教育學系,23,均,均,均,--,均,--,--,3,--,10
032172,自然科學教育學系(芝山組),3,--,--,均,--,均,--,--,--,--,--
032182,資訊科學系,26,均,均,均,--,均,--,--,3,--,5
032192,數位科技設計學系,21,均,均,均,--,--,--,4,3,--,--
032202,藝術與造形設計學系設計組,22,均,均,均,--,--,--,--,--,--,--
032212,幼兒與家庭教育學系(芝山組),2,前,均,均,均,--,5,3,--,--,--
032222,數學暨資訊教育學系數學組(公費生),1,前,前,頂,--,--,4,5,3,--,--
032232,兒童英語教育學系(公費生),2,前,頂,均,--,--,--,4,--,--,--
033012,教育學系,35,均,均,均,--,--,4,5,4,--,--
033022,特殊教育學系,13,均,均,均,--,--,3,3,3,--,--
033032,幼兒教育學系,18,均,後,--,後,後,3,--,--,--,--
033042,諮商與輔導學系,20,均,均,均,均,--,3,3,4,3,--
033052,國語文學系,30,均,均,--,--,--,3,4,--,--,--
033062,英語學系,12,均,前,--,--,--,--,4,--,--,--
033072,行政管理學系,17,均,均,--,--,--,--,--,--,--,--
033082,文化與自然資源學系,18,均,均,--,均,--,--,--,--,--,--
033092,經營與管理學系,15,--,均,均,--,--,--,6,6,--,--
033102,數位學習科技學系,27,--,均,均,--,--,--,3,5,--,--
033112,資訊工程學系,20,--,均,均,--,--,6,6,3,--,--
033122,電機工程學系,22,--,--,均,--,--,--,3,3,--,3
033132,材料科學系,20,--,均,均,--,均,--,--,--,--,--
033142,綠色能源科技學系,22,--,--,均,--,--,7,5,3,--,--
033152,生物科技學系,10,--,--,--,--,底,7,--,--,--,3.5
033162,生態暨環境資源學系,17,--,--,--,--,底,--,--,--,--,--
033182,應用數學系,18,--,--,均,--,--,--,--,3,--,--
033192,教育學系(公費生甲組),1,前,前,前,前,--,5,7,7,10,--
033202,教育學系(公費生乙組),1,前,前,前,--,頂,7,10,7,--,5
034012,應用數學系數學科學組,19,--,--,均,--,--,--,--,3,--,--
034022,應用數學系統計科學組,19,--,--,均,--,--,--,--,3,--,--
034032,物理學系物理組,20,--,--,--,--,均,--,8,6,--,3
034042,物理學系奈米與光電科學組,9,--,--,--,--,均,--,8,7,--,5
034052,化學系,25,--,--,--,--,均,6,6,4,--,3
034062,生命科學系,23,--,均,--,--,--,--,3,3,--,3
034072,資訊工程學系資工組,20,--,--,均,--,--,--,--,3,--,--
034082,資訊工程學系國際組,7,--,均,均,--,--,--,3,5,--,--
034092,電機工程學系,26,--,--,均,--,均,--,--,3,--,3
034102,材料科學與工程學系,25,--,--,--,--,均,--,--,--,--,--
034112,光電工程學系,23,--,--,--,--,均,--,--,--,--,3
034122,企業管理學系,22,--,均,均,--,--,--,5,3,--,--
034132,會計學系,25,--,均,均,--,--,5,3,4,--,--
034142,資訊管理學系,29,均,--,--,--,--,6,--,--,--,--
034152,國際企業學系,20,--,均,均,--,--,3,6,4,--,--
034162,財務金融學系,25,--,--,均,--,--,--,--,3,--,--
034172,觀光暨休閒遊憩學系,24,均,--,--,--,--,8,--,--,--,--
034182,管理學院管理科學與財金國際學士學位學程,8,--,均,--,--,--,--,8,--,--,--
034192,華文文學系,18,均,--,--,--,--,3,--,--,--,--
034202,中國語文學系,16,均,--,--,均,--,3,--,--,3,--
034212,英美語文學系,22,--,均,--,--,--,--,3,--,--,--
034222,英美語文學系(公費生),1,--,前,--,--,--,--,5,--,--,--
034232,臺灣文化學系,17,--,--,--,均,--,--,--,--,3,--
034242,歷史學系,20,均,--,--,--,--,--,3,--,6,--
034252,經濟學系,22,--,--,均,--,--,--,4,3,--,--
034262,諮商與臨床心理學系,16,--,均,均,--,--,--,3.5,3,--,--
034272,社會學系,12,均,--,--,均,--,4,--,--,10,--
034282,公共行政學系,15,--,均,--,--,--,6,3,--,--,--
034292,法律學系,5,均,--,--,均,--,15,--,--,20,--
034302,教育與潛能開發學系,22,均,--,--,--,--,3,4,5,--,--
034312,教育行政與管理學系,18,均,--,--,均,--,3,--,--,3,--
034322,特殊教育學系,16,均,均,--,--,--,3,6,--,--,--
034332,幼兒教育學系,15,--,--,--,均,--,6,5,--,3,--
034342,族群關係與文化學系,14,均,--,--,均,--,5,8,--,3.5,--
034352,民族語言與傳播學系,7,均,--,--,均,--,7,--,--,9,--
034362,自然資源與環境學系,26,--,--,--,--,均,--,6,--,--,3
035012,教育學系,26,均,均,--,--,--,3,--,--,--,--
035022,特殊教育學系,20,均,均,均,--,--,2.5,5,6,--,--
035032,特殊教育學系(公費生),2,前,前,前,--,--,6,5,4,--,--
035042,幼兒教育學系,34,均,--,--,--,--,3,4,--,10,--
035052,幼兒教育學系(青年儲蓄帳戶組),1,均,--,--,--,--,--,--,--,--,--
035062,心理與諮商學系,17,均,均,均,--,--,5,3,6,--,--
035072,學習與媒材設計學系,17,均,均,--,均,--,6,8,10,--,--
035082,中國語文學系,23,均,底,--,均,--,3,--,--,--,--
035092,英語教學系,15,均,前,均,--,--,5,3,6,--,--
035102,英語教學系(公費生),2,均,前,均,--,--,--,6,--,--,--
035112,社會暨公共事務學系,13,均,均,--,均,--,7,5,--,3.5,--
035122,歷史與地理學系,14,均,均,--,均,--,8,10,--,3.5,--
035132,地球環境暨生物資源學系,16,--,--,--,--,均,5,8,--,--,3
035142,應用物理暨化學系電子物理組,9,--,均,均,--,均,--,8,5.5,--,10
035152,應用物理暨化學系應用化學組,8,--,均,均,--,均,--,8,6,--,10
035162,數學系,18,--,--,均,--,均,--,--,4,--,3
035172,數學系(青年儲蓄帳戶組),1,--,--,均,--,--,--,--,--,--,--
035182,資訊科學系,26,均,均,均,--,--,5,5,3,--,--
035202,資訊科學系(青年儲蓄帳戶組),1,均,均,均,--,--,--,--,--,--,--
035212,城市發展學系,13,均,--,--,--,--,--,5,--,3.5,--
035222,都會產業經營與行銷學系,13,均,--,--,--,--,10,3.5,6,--,--
035232,衛生福利學系,13,--,均,均,--,--,--,3.5,10,--,--
036012,教育學系,32,均,均,後,--,--,5,3,4,--,--
036022,幼兒教育學系,29,均,--,--,均,--,2.5,--,--,--,--
036032,特殊教育學系,17,均,--,--,--,--,--,--,--,--,--
036042,教育心理與輔導學系,16,均,均,均,均,--,--,--,--,--,--
036052,中國語文學系,15,均,--,--,--,--,--,--,--,--,--
036062,英語學系,18,--,均,--,--,--,--,3,--,--,--
036072,文化創意產業學系,22,均,後,--,均,--,--,--,--,--,--
036082,社會發展學系,22,--,--,--,均,--,--,--,--,--,--
036092,應用英語學系,2,--,均,--,--,--,--,25,--,--,--
036102,應用日語學系,5,均,--,--,--,--,10,--,--,--,--
036112,視覺藝術學系數位媒體設計組,7,均,--,--,--,--,6,5,--,--,--
036122,商業自動化與管理學系,2,--,後,--,--,--,--,--,25,--,--
036132,行銷與流通管理學系,3,--,後,--,--,--,--,16.5,25,--,--
036142,休閒事業經營學系,2,均,均,--,--,--,--,--,--,--,--
036152,不動產經營學系,2,後,--,--,後,--,--,--,--,--,--
036162,企業管理學系,4,--,後,--,--,--,--,12.5,--,--,--
036172,國際貿易學系,2,--,均,--,--,--,--,--,--,--,--
036182,財務金融學系,5,--,後,後,--,--,--,15,10,--,--
036192,會計學系,4,--,後,--,--,--,--,15,12,--,--
036202,應用化學系,26,--,--,後,--,均,--,--,3,--,5
036212,應用數學系,23,--,--,均,--,後,--,--,3,--,5
036222,應用物理系物理組,16,--,--,均,--,均,--,--,3,--,5
036232,應用物理系光電暨材料組,21,--,--,均,--,均,--,--,3,--,5
036242,科普傳播學系,13,--,底,--,--,底,--,--,--,--,--
036252,電腦與通訊學系,4,後,後,後,--,--,10,15,15,--,--
036262,資訊科學系,25,--,--,後,--,--,--,--,3,--,--
036272,資訊管理學系,3,均,後,後,--,--,16,10,12,--,--
036282,智慧機器人學系,11,--,後,後,--,後,--,12,4.5,--,9
036292,資訊工程學系,18,後,後,後,--,--,3,15,15,--,--
038012,教育學系,33,均,--,--,--,--,3,--,--,--,--
038022,文化資源與休閒產業學系,27,後,底,--,--,--,--,--,--,--,--
038032,幼兒教育學系,20,後,--,--,--,--,4,5,3,--,--
038042,幼兒教育學系(公費生),1,均,後,後,--,--,4,5,3,--,--
038052,特殊教育學系,30,均,--,--,--,--,3,--,--,--,--
038062,數位媒體與文教產業學系,27,後,--,--,--,--,3,--,--,--,--
038072,英美語文學系,28,--,均,--,--,--,5,3,--,--,--
038082,華語文學系,29,均,--,--,--,--,3,4,--,--,--
038092,身心整合與運動休閒產業學系,20,後,後,後,--,--,--,--,--,--,--
038102,公共與文化事務學系,25,後,--,--,後,--,--,--,--,--,--
038112,應用數學系,26,--,--,後,--,--,--,--,3,--,--
038122,資訊管理學系,21,--,後,--,--,--,--,--,--,--,--
038132,生命科學系,27,--,--,--,--,後,--,--,--,--,3
038142,應用科學系化學及奈米科學組,25,--,--,--,--,後,--,--,--,--,3
038152,應用科學系應用物理組,26,--,--,--,--,後,--,--,--,--,3
038162,資訊工程學系,57,--,--,底,--,--,--,5,4,--,--
038172,綠色與資訊科技學士學位學程,17,--,--,--,--,後,--,--,--,--,3
039012,運動保健學系,26,--,後,--,--,--,--,--,--,--,--
039022,休閒產業經營學系,18,--,均,--,--,--,--,--,--,--,--
039032,體育推廣學系(一般組),17,後,--,--,--,--,--,--,--,--,--
039042,體育推廣學系(拔河組),6,底,--,--,--,--,--,--,--,--,--
039052,體育推廣學系(啦啦隊組),4,底,--,--,--,--,--,--,--,--,--
039062,體育推廣學系(青年儲蓄帳戶組),1,--,底,--,--,--,--,--,--,--,--
039072,適應體育學系(圍棋組),4,底,--,--,--,--,--,--,--,--,--
040012,管理學院學士班(主修：企業管理),60,均,--,--,--,--,3,3,--,--,--
040022,管理學院學士班(主修：財務金融),60,均,--,--,--,--,3,3,--,--,--
040032,管理學院學士班(主修：國際企業),60,均,--,--,--,--,3,3,--,--,--
040042,管理學院學士班(主修：會計),40,均,--,--,--,--,3,3,--,--,--
040052,管理學院學士班(英語專班),38,--,均,--,--,--,3,3,3,3,--
040062,應用外語學系,27,--,均,--,--,--,--,6,--,--,--
040072,中國語文學系,33,--,--,--,後,--,3,--,--,5,--
040082,社會暨政策科學學系,33,--,--,--,後,--,--,4,3,5,--
040092,人文社會學院英語學士班,19,--,均,--,--,--,3,8,--,--,--
040102,資訊工程學系,94,--,--,均,--,--,3,3,3,--,3
040122,資訊管理學系,76,--,後,--,--,--,3,3,3,--,--
040132,資訊傳播學系科技組,38,--,後,--,--,--,--,3,6,--,--
040142,資訊傳播學系設計組,38,--,後,--,--,--,6,3,--,--,--
040152,資訊學院英語學士班,18,--,均,--,--,--,3,3,3,--,--
040162,機械工程學系,69,--,--,後,--,--,--,--,--,--,--
040172,化學工程與材料科學學系,69,--,--,--,--,均,--,--,--,--,--
040182,工業工程與管理學系,69,--,--,後,--,--,5,3,3,--,--
040192,工程學院英語學士班,19,--,後,--,--,--,--,--,--,--,--
040202,電機工程學系(甲組),83,--,--,均,--,--,--,--,--,--,--
040212,電機工程學系(乙組),55,--,--,--,--,均,--,--,--,--,--
040222,電機工程學系(丙組),42,--,--,--,--,均,--,--,--,--,--
040232,電機通訊學院英語學士班,27,--,後,--,--,--,--,--,--,--,--
041012,中國文學系,20,均,均,--,--,--,3,8,--,8,--
041022,外國語文學系,18,均,前,--,--,--,--,3,--,--,--
041032,歷史學系,16,均,均,--,--,--,8,10,--,3,--
041042,哲學系,19,均,均,後,--,--,--,3,5,--,--
041052,數學系,16,--,均,--,--,--,--,10,3,--,8
041062,地球與環境科學系,20,--,均,均,--,均,--,15,8,--,3
041072,物理學系,25,--,均,均,--,均,--,10,3,--,6
041082,化學暨生物化學系,18,均,均,均,--,均,--,5,3,--,5
041092,生物醫學科學系,18,均,均,均,--,前,--,4,--,--,6
041102,社會福利學系,19,均,均,均,均,--,6,3,8,10,--
041112,心理學系,19,均,均,均,--,均,--,3,3,--,8
041122,勞工關係學系,19,均,均,均,--,--,3,3,4.5,--,--
041132,政治學系,24,--,均,均,--,--,8,3,--,5,--
041142,傳播學系,23,均,均,--,均,--,3,6,--,8,--
041152,資訊工程學系,62,均,均,前,--,均,--,--,--,--,--
041162,電機工程學系,55,--,--,均,--,均,--,--,10,--,--
041172,機械工程學系,48,--,均,均,--,均,--,--,--,--,--
041182,化學工程學系,16,均,均,均,--,均,--,12,6,--,3
041192,通訊工程學系,30,--,--,均,--,均,--,--,--,--,--
041202,經濟學系,32,均,均,前,--,--,5,4,3,--,--
041212,財務金融學系,30,均,均,均,--,--,--,4,3,--,--
041222,企業管理學系,29,均,均,--,--,--,12,3,--,--,--
041232,會計與資訊科技學系,25,均,前,均,--,--,12,3,4,--,--
041242,資訊管理學系,18,均,前,均,--,--,--,--,10,--,--
041252,法律學系法學組,13,前,前,均,前,--,8,8,10,10,--
041262,法律學系法制組,13,前,前,均,前,--,8,8,10,10,--
041272,財經法律學系,19,前,前,均,前,--,3.5,3.5,8,8,--
041282,成人及繼續教育學系,14,均,均,均,均,--,6,3.5,--,10,--
041292,犯罪防治學系,11,前,前,均,前,--,4.5,4.5,10,8,--
041302,嘉星招生甲組(工),8,--,--,均,--,均,--,--,--,--,--
041312,嘉星招生乙組(管),8,均,均,--,--,--,7,6,5,--,--
041322,嘉星招生丙組(法),3,均,均,後,--,--,12,12,15,--,--
041332,嘉星招生丁組(文),5,均,均,--,--,--,--,--,--,8,--
041342,嘉星招生戊組(理),5,--,--,均,--,均,--,--,10,--,10
041352,嘉星招生己組(社),4,底,均,均,--,--,6,5,8,--,--
041362,嘉星招生庚組(教),2,均,均,--,--,--,12,12,--,15,--
041372,嘉星招生辛組(心),1,--,後,均,--,均,--,10,5,--,5
042012,機械與自動化工程學系(車輛科技與綠色能源組),11,--,--,底,--,--,4.5,--,4.5,--,--
042022,機械與自動化工程學系(微機電與精密機械組),11,--,--,底,--,--,4.5,--,4.5,--,--
042032,機械與自動化工程學系(機電整合組),12,--,--,底,--,--,4,--,4,--,--
042042,電機工程學系,22,--,--,--,--,底,--,3,--,--,3
042052,資訊工程學系(資訊工程組),11,--,--,底,--,--,4.5,--,4.5,--,--
042062,資訊工程學系(資訊應用組),18,--,底,--,--,--,3,3,--,--,--
042072,環境工程學系,15,--,底,--,--,--,--,3,3,--,--
042082,環境工程學系(環境管理組),10,--,--,--,底,--,--,5,--,5,--
042092,材料科學與工程學系,18,--,--,--,--,底,--,--,--,--,3
042102,消防安全學士學位學程,34,--,--,--,底,--,--,3,--,3,--
042112,企業管理學系(經營管理組),17,--,--,底,--,--,--,--,3,--,--
042122,企業管理學系(數位行銷組),17,--,--,底,--,--,--,--,3,--,--
042132,資訊管理學系(數位經營組),17,--,底,--,--,--,3,3,--,--,--
042142,資訊管理學系(系統管理組),17,--,底,--,--,--,3,3,--,--,--
042152,會計資訊學系(會計管理組),12,--,--,--,底,--,10,--,--,4,--
042162,會計資訊學系(投資理財組),8,--,--,--,底,--,10,--,--,6,--
042172,國際企業管理學系(國際貿易組),9,底,--,--,--,--,5.5,--,--,--,--
042182,國際企業管理學系(跨境電商組),6,底,--,--,--,--,8,--,--,--,--
042192,財務金融學系(銀行專業組),14,--,底,--,--,--,3.5,3.5,--,--,--
042202,財務金融學系(投資管理組),14,--,底,--,--,--,3.5,3.5,--,--,--
042212,財務金融學系(公司財務組),8,--,底,--,--,--,6,6,--,--,--
042222,英語學系,15,--,底,--,--,--,3,3,--,--,--
042232,應用日語學系,34,--,底,--,--,--,3,3,--,--,--
042242,食品暨應用生物科技學系(食品科學組),10,--,--,--,--,底,15,--,--,--,5
042252,食品暨應用生物科技學系(健康生技組),11,--,--,--,--,底,15,--,--,--,4.5
042262,生物醫學系(生物醫藥組),24,--,底,--,--,--,--,3,--,--,--
042272,生物醫學系(檢驗醫學組),17,--,底,--,--,--,--,3,--,--,--
042282,生物資源學系(生態經營與生物多樣性組),17,--,--,--,--,底,3,--,--,--,3
042292,生物資源學系(醫藥微生物組),13,底,--,--,--,--,3.5,3.5,--,--,--
042302,藥用植物與保健學系(中藥保健組),16,--,底,--,--,--,--,3,--,--,--
042312,藥用植物與保健學系(藥粧經絡組),15,--,底,--,--,--,--,3,--,--,--
042322,觀光旅遊學系,29,--,--,--,底,--,30,--,--,20,--
042332,餐旅管理學系,23,--,--,--,底,--,30,--,--,20,--
042342,休閒事業管理學系,26,底,--,--,--,--,30,--,--,20,--
042352,烘焙暨飲料調製學士學位學程,40,--,--,--,底,--,30,--,--,20,--
042362,護理學系,123,--,底,--,--,--,--,3,--,--,3
042372,視光學系,38,底,--,--,--,--,--,--,--,--,--
042382,醫療器材設計與材料學士學位學程,4,底,--,--,--,--,12,20,--,--,--
042392,醫學工程學系,12,--,--,底,--,--,10,--,4,--,--
042402,醫學工程學系(智慧醫療組),5,--,底,--,--,--,10,10,--,--,--
042412,傳播藝術學士學位學程,25,--,--,--,底,--,5,--,--,3,--
043012,電機工程學系,55,--,--,底,--,--,--,--,--,--,--
043022,資訊工程學系資訊工程組,18,--,--,底,--,--,--,--,3,--,--
043032,資訊工程學系智慧軟體設計組,20,--,--,底,--,--,--,--,3,--,--
043042,資訊工程學系資訊應用組,22,--,--,--,底,--,--,--,--,3,--
043052,資訊工程學系人工智慧組,19,--,--,底,--,--,--,--,3,--,--
043062,機械工程學系智慧自動化組,12,--,--,底,--,--,--,--,4,--,--
043072,機械工程學系智慧機械組,12,--,--,底,--,--,--,--,4,--,--
043082,機械工程學系航空技術組,14,--,--,底,--,--,--,--,3.5,--,--
043092,光電與材料工程學系(綠能光電組),11,--,--,底,--,--,--,--,4.5,--,--
043102,光電與材料工程學系(生醫光電組),11,--,--,--,--,底,--,--,--,--,4.5
043112,光電與材料工程學系(材料應用組),12,--,--,底,--,--,--,--,4,--,--
043122,工業管理學系(甲組),12,--,--,底,--,--,--,--,4,--,--
043132,工業管理學系(乙組),30,--,底,--,--,--,--,3,--,--,--
043142,資訊管理學系(資訊系統設計與智慧製造組),12,--,--,底,--,--,--,--,4,--,--
043152,資訊管理學系(資訊管理應用組),12,--,--,底,--,--,--,--,4,--,--
043162,資訊管理學系(手機軟體設計組),12,--,--,底,--,--,--,--,4,--,--
043172,資訊管理學系(巨量資料應用組),11,--,--,底,--,--,--,--,4.5,--,--
043182,企業管理學系企業管理組,17,--,--,--,底,--,--,--,--,3,--
043192,企業管理學系智慧運輸與物流組,17,--,--,--,底,--,--,--,--,3,--
043202,財務管理學系金融資訊管理組,15,--,--,底,--,--,--,--,3,--,--
043212,財務管理學系財務金融管理組,10,--,--,底,--,--,--,--,5,--,--
043222,財務管理學系會計資訊與稅務組,10,--,--,底,--,--,--,--,5,--,--
043232,建築與都市計畫學系(第一類組),20,--,底,--,--,--,--,3,--,--,--
043242,建築與都市計畫學系(第二類組),17,--,--,底,--,--,--,--,3,--,--
043252,景觀建築學系景觀設計組,19,底,--,--,--,--,3,--,--,--,--
043262,景觀建築學系產品設計組,17,底,--,--,--,--,3,--,--,--,--
043272,土木工程學系,27,--,--,底,--,--,--,--,3,--,--
043282,行政管理學系,29,--,--,--,底,--,--,--,--,3,--
043292,應用日語學系(商務組),18,--,--,--,底,--,--,--,--,3,--
043302,應用日語學系(語文組),18,--,--,--,底,--,--,--,--,3,--
043312,應用日語學系(觀光組),10,--,--,--,底,--,--,--,--,5,--
043322,餐旅管理學系,30,--,--,--,底,--,--,--,--,3,--
043332,觀光與會展活動學系會展與活動管理組,23,--,--,--,底,--,--,--,--,--,--
043342,觀光與會展活動學系旅遊與休閒管理組,11,--,--,--,底,--,--,--,--,3,--
043352,英國西英格蘭大學企業管理雙學士學位學程,10,--,底,--,--,--,--,5,--,--,--
044012,智慧生活科技學系大數據與管理組,14,底,--,--,--,--,3.5,--,--,--,--
044022,智慧生活科技學系智慧產品開發組,14,底,--,--,--,--,3.5,--,--,--,--
044032,智慧生活設計學系空間設計組,18,底,--,--,--,--,3,--,--,--,--
044042,智慧生活設計學系創意產品與汽車設計組,14,底,--,--,--,--,3.5,--,--,--,--
044052,攝影與VR設計學系VR與互動媒體組,15,底,--,--,--,--,3,--,--,--,--
044062,攝影與VR設計學系攝影與科技藝術組,15,底,--,--,--,--,3,--,--,--,--
044072,佛教藝術學系,4,底,--,--,--,--,12.5,--,--,--,--
044082,美術與文創學系文創設計組(青年儲蓄帳戶組),1,底,--,--,--,--,--,--,--,--,--
044092,美術與文創學系文創設計組,15,底,--,--,--,--,3,--,--,--,--
045012,電機工程學系,113,--,--,底,--,--,3,--,3,--,--
045022,電子工程學系,61,--,--,底,--,--,3,--,3,--,--
045032,資訊工程學系,87,--,--,底,--,--,3,--,3,--,--
045052,通訊工程學系智慧軟體應用組,18,--,--,底,--,--,3,--,--,--,--
045062,通訊工程學系智慧網通科技組,10,--,--,底,--,--,5,--,--,--,--
045072,機械與自動化工程學系,61,--,--,底,--,--,--,--,3,--,--
045082,化學工程學系,67,--,--,--,--,底,--,--,--,--,3
045092,土木與生態工程學系,58,--,--,底,--,--,--,--,3,--,--
045102,材料科學與工程學系,65,--,--,底,--,--,--,--,3,--,--
045112,財務與計算數學系,34,--,--,底,--,--,--,--,3,--,--
045122,生物醫學工程學系,81,--,--,--,--,底,--,--,--,--,3
045132,智慧化自動控制英語學士學位學程,10,--,--,後,--,--,--,--,5,--,--
045142,工業管理學系,41,底,--,--,--,--,3,--,--,--,--
045152,資訊管理學系,74,底,--,--,--,--,3,--,--,--,--
045162,企業管理學系,67,底,--,--,--,--,3,--,--,6,--
045172,財務金融管理學系財務管理組,38,底,--,--,--,--,4,--,--,3,--
045182,財務金融管理學系金融科技組,38,底,--,--,--,--,3,--,--,4,--
045192,會計學系財稅規劃組,22,底,--,--,--,--,3,--,--,--,--
045202,會計學系管理應用組,21,底,--,--,--,--,--,--,--,3,--
045212,國際商務學系,71,--,底,--,--,--,--,3,--,--,--
045222,公共政策與管理學系,31,底,--,--,--,--,3,--,--,--,--
045232,醫務管理學系,63,底,--,--,--,--,3,--,--,--,--
045242,健康管理學系,33,底,--,--,--,--,3,--,--,--,--
045252,餐旅管理學系餐飲管理組,17,底,--,--,--,--,3,--,--,--,--
045262,餐旅管理學系旅館管理組,16,--,--,--,底,--,--,--,--,3,--
045272,休閒事業管理學系活動企劃與行銷組,17,底,--,--,--,--,3,--,--,--,--
045282,休閒事業管理學系休閒產業經營組,18,--,--,--,底,--,--,--,--,3,--
045292,觀光學系,43,--,底,--,--,--,3,--,--,3,--
045302,廚藝學系中西廚藝組,14,--,底,--,--,--,--,3.5,--,--,--
045312,廚藝學系烘焙廚藝組,17,--,底,--,--,--,--,3,--,--,--
045322,國際企業經營學系(國際學院),18,--,均,--,--,--,--,3,--,--,--
045332,國際財務金融學系(國際學院),16,--,後,--,--,--,--,3,--,--,--
045342,國際觀光餐旅學系(國際學院),23,--,後,--,--,--,--,3,--,--,--
045352,娛樂事業管理學系影視娛樂組(國際學院),10,--,後,--,--,--,--,5,--,--,--
045362,娛樂事業管理學系活動策展組(國際學院),7,--,後,--,--,--,--,7,--,--,--
045372,應用英語學系,60,--,後,--,--,--,--,3,--,--,--
045382,應用日語學系,39,後,--,--,--,--,3,--,--,--,--
045392,大眾傳播學系,33,後,--,--,--,--,--,--,--,3,--
045402,創意商品設計學系,36,底,--,--,--,--,3,--,--,--,--
045412,電影與電視學系編導製片組,14,後,--,--,--,--,3.5,--,--,--,--
045422,電影與電視學系影視技術組,19,--,--,--,後,--,--,--,--,3,--
045432,數位多媒體設計學系,34,底,--,--,--,--,3,--,--,--,--
045442,傳播產製英語學士學位學程,6,--,均,--,--,--,8,--,--,--,--
045452,生物科技學系生物醫藥組,14,--,--,--,--,後,5,--,--,--,3.5
045462,生物科技學系食品生技組,20,--,--,--,--,底,5,--,--,--,3
045472,營養學系臨床營養組,18,--,--,--,--,底,6,5,--,--,3
045482,營養學系食品營養組,10,--,--,--,--,底,6,7,--,--,5
045492,護理學系,48,--,後,--,--,--,--,3,--,--,4
045502,醫學影像暨放射科學系,32,--,--,--,--,後,--,--,6,--,3
045512,物理治療學系,26,--,後,--,--,均,--,6,--,--,3
045522,職能治療學系,26,--,--,--,--,均,--,3,--,--,7
045532,醫學檢驗技術學系,28,--,--,--,--,後,--,10,--,--,3
045542,醫學系(公費生),7,前,前,前,--,前,14,7,--,--,14
046012,企業管理學系品牌行銷組(臺北),41,底,--,--,--,--,3,3,--,3,--
046022,企業管理學系企業管理組(臺北),47,底,--,--,--,--,3,3,3,3,--
046032,企業管理學系數位經營組(臺北),43,底,底,--,--,--,3,--,3,3,--
046042,會計學系會計審計組(臺北),65,--,--,底,--,--,3,3,3,--,--
046052,會計學系稅務規劃組(臺北),65,--,--,--,底,--,3,3,--,3,--
046062,財務金融學系國際金融管理組(臺北),32,底,--,--,--,--,6,3,--,--,--
046072,財務金融學系財務金融組(臺北),89,底,--,--,--,--,6,--,3,--,--
046082,風險管理與保險學系保險金融與行銷組(臺北),54,底,--,--,--,--,3,--,--,3,--
046092,風險管理與保險學系風險管理組(臺北),34,底,--,--,--,--,3,--,3,3,--
046102,國際企業學系跨境電商經營組(臺北),39,底,底,底,底,--,5,3,3,3,--
046112,國際企業學系外貿行銷管理組(臺北),47,底,底,底,底,--,5,3,3,3,--
046122,國際企業學系全球運籌營運組(臺北),34,底,底,底,底,--,5,3,--,3,--
046132,新媒體暨傳播管理學系(臺北),32,後,底,--,--,--,4,5,3,--,--
046142,廣播電視學系(臺北),32,後,--,--,後,--,5,--,--,3,--
046152,廣告暨策略行銷學系(臺北),30,--,後,--,--,--,--,--,--,7,--
046162,新聞學系(臺北),29,後,後,--,--,--,3,5,--,--,--
046172,法律學系(臺北),64,後,後,--,後,--,3,3,--,3,--
046182,財金法律學系(臺北),30,後,後,--,--,--,3,--,--,--,--
046192,國際企業與貿易學士學位學程(全英語授課．臺北),36,--,均,--,--,--,--,3,--,--,--
046202,新聞與大眾傳播學士學位學程(全英語授課．臺北),15,--,後,--,--,--,--,3,--,--,--
046212,時尚與創新管理學士學位學程(全英語授課．臺北),16,後,後,--,--,--,--,3,--,--,--
046222,國際事務與外交學士學位學程(全英語授課．桃園),35,--,後,--,--,--,--,3,--,--,--
046232,資訊科技應用與管理學士學位學程(全英語授課．桃園),15,底,底,--,--,--,3,3,--,--,--
046242,應用中國文學系文教組(桃園),38,後,--,--,--,--,3,--,--,--,--
046252,應用中國文學系文創組(桃園),37,後,--,--,--,--,3,--,--,--,--
046262,應用英語學系英語教學與文化溝通組(桃園),38,--,後,--,--,--,--,3,--,--,--
046272,應用英語學系英語商務與觀光組(桃園),76,--,後,--,--,--,--,3,--,--,--
046282,應用日語學系(桃園),79,後,--,--,--,--,3,--,--,--,--
046292,華語文教學學系應用語言組(桃園),37,後,後,--,--,--,3,--,--,--,--
046302,華語文教學學系創新教學組(桃園),38,後,後,--,--,--,3,--,--,--,--
046312,商業設計學系(桃園),72,後,後,--,後,--,--,--,--,--,--
046322,商品設計學系(桃園),72,後,後,--,後,--,--,--,--,--,--
046332,數位媒體設計學系(桃園),68,後,後,--,後,--,3,--,--,--,--
046342,建築學系(桃園),36,後,後,--,--,--,3,3,--,3,--
046352,都市規劃與防災學系(桃園),36,後,--,--,後,--,4,4,--,3,--
046362,動漫文創設計學士學位學程(桃園),36,後,後,--,後,--,--,--,--,--,--
046372,觀光事業學系(桃園),40,--,--,--,底,--,3,3,--,3,--
046382,休閒遊憩管理學系(桃園),34,--,--,--,底,--,3,--,--,3,--
046392,餐旅管理學系(桃園),34,--,--,--,底,--,3,3,--,3,--
046402,犯罪防治學系(桃園),62,--,--,--,底,--,--,--,--,7,--
046412,公共事務學系(桃園),38,--,--,--,底,--,--,--,--,--,--
046422,諮商與工商心理學系(桃園),36,--,--,--,後,--,--,--,--,--,--
046432,應用統計與資料科學學系應用統計組(桃園),30,底,--,--,--,--,3,--,3,--,--
046442,應用統計與資料科學學系大數據管理組(桃園),34,底,--,--,--,--,3,--,--,3,--
046452,經濟與金融學系金融理財組(桃園),43,底,--,--,--,--,3,3,--,3,--
046462,經濟與金融學系應用經濟組(桃園),41,底,--,--,--,--,3,--,3,3,--
046472,金融科技應用學士學位學程(桃園),33,底,--,--,底,--,3,--,--,3,--
046482,資訊管理學系雲端技術管理組(桃園),34,底,底,--,--,--,3,3,--,--,--
046492,資訊管理學系巨量資料管理組(桃園),35,底,--,底,--,--,3,--,3,--,--
046502,資訊管理學系電子商務管理組(桃園),34,底,--,--,底,--,3,--,--,3,--
046512,資訊傳播工程學系(桃園),75,底,底,--,--,--,3,3,--,--,--
046522,資訊工程學系(桃園),67,底,--,底,--,底,3,--,3,--,3
046542,電子工程學系半導體光電組(桃園),29,底,--,底,--,--,--,--,--,--,--
046552,電子工程學系計算機應用組(桃園),34,底,--,底,--,--,--,--,--,--,--
046562,電腦與通訊工程學系(桃園),78,底,底,底,--,--,--,--,--,--,--
046572,醫療資訊與管理學系健康產業管理組(桃園),39,--,--,--,底,--,--,--,--,3,--
046582,醫療資訊與管理學系醫療資訊組(桃園),28,--,--,--,底,--,--,--,--,3,--
046592,生物科技學系生物醫學組(桃園),25,--,--,--,--,後,--,--,--,--,3
046602,生物科技學系食品生技組(桃園),42,--,--,--,--,後,--,--,--,--,3
046612,生物醫學工程學系專利醫材組(桃園),13,後,--,--,後,--,--,--,--,3,--
046622,生物醫學工程學系智慧醫療組(桃園),17,後,--,--,--,後,--,--,--,--,3
046632,企業管理學系(青年儲蓄帳戶組．臺北),1,底,--,--,--,--,--,--,--,--,--
046642,風險管理與保險學系(青年儲蓄帳戶組．臺北),1,底,--,--,--,--,--,--,--,--,--
046652,財金法律學系(青年儲蓄帳戶組．臺北),1,底,底,--,--,--,--,--,--,--,--
046662,華語文教學學系(青年儲蓄帳戶組．桃園),1,後,後,--,--,--,--,--,--,--,--
046672,金融科技應用學士學位學程(青年儲蓄帳戶組．桃園),1,底,--,--,底,--,--,--,--,--,--
047012,新聞學系,86,均,均,--,--,--,3,6,--,--,--
047022,廣播電視電影學系廣播組,23,均,均,--,均,--,5,3,--,6,--
047032,廣播電視電影學系電視組,52,均,均,--,均,--,5,3,--,6,--
047042,廣播電視電影學系電影組,19,均,均,--,均,--,5,3,--,6,--
047052,圖文傳播暨數位出版學系,45,後,後,後,--,--,4,5,3,--,--
047062,公共關係暨廣告學系,87,後,後,--,--,--,4,3,--,--,--
047072,口語傳播暨社群媒體學系,48,均,均,--,--,--,4,3,--,--,--
047082,資訊傳播學系,24,均,後,--,--,--,5,3,--,--,--
047092,數位多媒體設計學系動畫設計組,10,均,後,--,--,--,--,5,--,--,--
047102,數位多媒體設計學系遊戲設計組,16,均,後,--,--,--,--,3,--,--,--
047112,傳播管理學系,83,後,--,後,--,--,5,--,3,--,--
047122,資訊管理學系資訊管理組,45,底,底,後,--,--,3,5,6,--,--
047132,資訊管理學系資訊科技組,21,底,底,後,--,--,3,5,6,--,--
047142,資訊管理學系網路科技組,25,底,--,後,--,--,3,--,6,--,--
047152,財務金融學系,35,--,--,底,--,--,--,--,3,--,--
047162,行政管理學系,55,--,--,--,底,--,3,5,--,--,--
047172,觀光學系餐旅經營管理組,18,--,--,--,底,--,--,--,--,3,--
047182,觀光學系旅遊暨休閒事業管理組,18,--,--,--,底,--,--,--,--,3,--
047192,觀光學系觀光規劃暨資源管理組,25,--,--,--,底,--,--,--,--,3,--
047202,經濟學系,46,--,--,底,--,--,--,--,3,--,--
047212,企業管理學系,11,後,--,--,--,--,4.5,--,--,6,--
047222,社會心理學系,35,後,後,後,--,--,3,5,4,--,--
047232,英語學系,19,--,均,--,--,--,--,3,--,--,--
047242,中國文學系,22,均,後,--,--,--,3,--,--,--,--
047252,日本語文學系,40,後,--,--,後,--,3,--,--,5,--
047262,法律學系,52,後,--,--,--,--,3,--,--,--,--
050012,食品營養與保健生技學系(臺北校區),55,--,--,--,--,後,--,--,--,--,6
050022,社會工作學系(臺北校區),34,底,--,--,--,--,5,--,10,3,--
050032,家庭研究與兒童發展學系(臺北校區),21,--,--,底,底,--,3,3,--,--,--
050042,餐飲管理學系(臺北校區),18,--,底,--,--,--,--,--,--,--,--
050052,服裝設計學系(臺北校區),86,--,後,--,--,--,--,--,--,--,--
050062,工業產品設計學系(臺北校區),42,--,後,--,--,--,--,3,--,--,--
050072,媒體傳達設計學系數位3D動畫設計組(臺北校區),27,後,後,--,--,--,4,3,--,--,--
050082,媒體傳達設計學系創意媒體設計組(臺北校區),27,後,後,--,--,--,4,3,--,--,--
050092,建築設計學系(臺北校區),23,後,--,--,--,--,3,--,--,--,--
050102,會計學系(臺北校區),49,--,--,--,底,--,--,3,--,3,--
050112,國際經營與貿易學系(臺北校區),49,--,底,--,--,--,--,--,--,--,--
050122,企業管理學系(臺北校區),50,--,底,--,--,--,--,--,--,--,--
050132,國際企業英語學士學位學程(臺北校區),23,--,底,--,--,--,--,3,--,--,--
050142,智慧服務管理英語學士學位學程(臺北校區),18,--,底,--,--,--,--,3,--,--,--
050152,財務金融學系(臺北校區),55,底,底,--,--,--,7,3,5,--,--
050162,風險管理與保險學系(臺北校區),53,--,--,--,底,--,7,3,--,5,--
050172,資訊科技與管理學系(臺北校區),43,--,--,底,--,--,--,--,--,--,--
050192,應用外語學系(臺北校區),43,--,後,--,--,--,--,3,--,--,--
050202,國際貿易學系貿易經營組(高雄校區),14,--,--,--,底,--,3.5,3.5,--,--,--
050212,國際貿易學系貿易會展組(高雄校區),12,底,--,--,--,--,4,--,--,--,--
050222,國際貿易學系貿易外文組(高雄校區),8,--,底,--,--,--,--,6,--,--,--
050232,國際企業管理學系東南亞商務組(高雄校區),7,底,--,--,--,--,7,--,--,--,--
050242,國際企業管理學系日韓商務組(高雄校區),12,底,--,--,--,--,4,10,--,--,--
050252,國際企業管理學系兩岸工商管理組(高雄校區),9,底,--,--,--,--,5.5,--,--,--,--
050262,國際企業管理學系德國經貿商務組(高雄校區),9,--,底,--,--,--,5.5,5.5,--,--,--
050272,行銷管理學系創客企劃組(高雄校區),12,底,--,--,--,--,4,--,--,--,--
050282,行銷管理學系百貨服務業管理組(高雄校區),12,底,--,--,--,--,4,--,--,--,--
050292,行銷管理學系數位行銷與市調組(高雄校區),12,--,--,底,--,--,--,--,4,--,--
050302,會計暨稅務學系企業治理組(高雄校區),11,底,--,--,--,--,4.5,--,--,--,--
050312,會計暨稅務學系洗錢防制組(高雄校區),11,底,--,--,--,--,4.5,--,--,--,--
050322,會計暨稅務學系財富管理組(高雄校區),12,--,--,底,--,--,--,--,4,--,--
050332,金融管理學系數位金融組(高雄校區),9,底,--,--,--,--,5.5,--,--,--,--
050342,金融管理學系金融實務組(高雄校區),10,底,--,--,--,--,5,--,--,--,--
050352,金融管理學系金融商品組(高雄校區),9,底,--,--,--,--,5.5,--,--,--,--
050362,金融管理學系財務數理組(高雄校區),9,底,--,--,--,--,5.5,--,--,--,--
050372,資訊管理學系行動商務應用組(高雄校區),10,底,--,--,--,--,5,--,--,--,--
050382,資訊管理學系數位金融組(高雄校區),10,底,--,--,--,--,5,--,--,--,--
050392,資訊管理學系物聯網應用組(高雄校區),10,底,--,--,--,--,5,--,--,--,--
050402,資訊科技與通訊學系App設計組(高雄校區),12,底,--,--,--,--,4,--,--,--,--
050412,資訊科技與通訊學系智慧機器人組(高雄校區),11,--,--,底,--,--,--,--,4.5,--,--
050422,資訊科技與通訊學系無人機應用設計組(高雄校區),12,底,--,--,--,--,4,--,--,--,--
050432,資訊科技與通訊學系人工智慧應用設計組(高雄校區),11,--,--,底,--,--,--,--,4.5,--,--
050442,資訊科技與通訊學系(青年儲蓄帳戶組)(高雄校區),1,--,--,底,--,--,--,--,--,--,--
050452,資訊模擬與設計學系電腦動畫設計組(高雄校區),13,底,--,--,--,--,3.5,--,--,--,--
050462,資訊模擬與設計學系互動遊戲設計組(高雄校區),13,底,--,--,--,--,3.5,--,--,--,--
050472,資訊模擬與設計學系AR/VR體感科技組(高雄校區),13,底,--,--,--,--,3.5,--,--,--,--
050482,電腦動畫學士學位學程(高雄校區),12,底,--,--,--,--,4,4,--,--,--
050492,應用英語學系(高雄校區),8,--,--,--,底,--,--,--,--,6,--
050502,應用英語學系英日雙語組(高雄校區),8,--,底,--,--,--,--,6,--,--,--
050512,應用英語學系國際商務組(高雄校區),9,底,--,--,--,--,5.5,--,--,--,--
050522,應用英語學系英語教學組(高雄校區),8,底,--,--,--,--,6,--,--,--,--
050532,應用中文學系文創設計組(高雄校區),10,--,--,--,底,--,10,--,--,5,--
050542,應用中文學系劇本創作組(高雄校區),10,底,--,--,--,--,5,--,--,--,--
050552,應用中文學系文化傳播組(高雄校區),10,底,--,--,--,--,5,--,--,5,--
050562,應用日文學系(高雄校區),12,底,--,--,--,--,4,--,--,7,--
050572,應用日文學系商務組(高雄校區),12,--,--,--,底,--,--,--,--,4,--
050582,應用日文學系翻譯組(高雄校區),12,--,--,--,底,--,--,--,--,4,--
050592,應用日文學系日本實習組(高雄校區),12,底,--,--,--,--,4,--,--,4,--
050602,觀光管理學系航空旅運組(高雄校區),9,--,底,--,--,--,--,5.5,--,--,--
050612,觀光管理學系境外日本實務組,9,底,--,--,--,--,5.5,--,--,--,--
050622,觀光管理學系民宿暨特色餐飲組(高雄校區),9,--,--,--,底,--,--,--,--,5.5,--
050632,觀光管理學系國際飯店暨會展管理組(高雄校區),8,--,底,--,--,--,--,6,--,--,--
050642,觀光管理學系智慧旅遊暨多媒體行銷組(高雄校區),8,--,--,底,--,--,--,--,6,--,--
050652,觀光管理學系國際領隊導遊組(高雄校區),9,--,底,--,--,--,--,5.5,--,--,--
050662,休閒產業管理學系休閒文創規劃組(高雄校區),8,底,--,--,--,--,6,--,--,--,--
050672,休閒產業管理學系遊憩運動企劃組(高雄校區),7,--,--,--,--,底,--,--,--,--,7
050682,休閒產業管理學系精品咖啡烘焙經營組(高雄校區),7,--,--,--,底,--,--,--,--,7,--
050692,服飾設計與經營學系(高雄校區),40,底,--,--,--,--,3,--,--,--,--
050702,時尚設計學系(高雄校區),70,底,--,--,--,--,3,--,--,--,--
051012,企業管理學系行銷組,14,底,--,--,--,--,3.5,--,--,--,--
051022,企業管理學系數位經營組,8,--,--,--,底,--,15,--,--,6,--
051032,企業管理學系產學合作組,10,底,--,--,--,--,15,--,--,5,--
051042,國際企業學系跨境行銷組,12,底,--,--,--,--,15,--,--,4,--
051052,國際企業學系貿易物流組,12,底,--,--,--,--,15,--,--,4,--
051062,國際企業學系商務管理組,10,底,--,--,--,--,15,--,--,5,--
051072,會計資訊學系,19,底,--,--,--,--,15,--,--,3,--
051082,會計資訊學系稅務應用組,9,底,--,--,--,--,5.5,--,--,--,--
051092,航運管理學系,52,底,--,--,--,--,10,5,--,3,--
051102,航運管理學系產學發展組,10,底,--,--,--,--,10,7,--,5,--
051112,航運管理學系(青年儲蓄帳戶組),2,底,--,--,--,--,--,--,--,--,--
051122,土地管理與開發學系,21,底,--,--,--,--,15,--,--,3,--
051132,財務金融學系,10,底,--,--,--,--,8,5,--,--,--
051142,財務金融學系投資資訊組,10,底,--,--,--,--,10,--,--,5,--
051152,財務金融學系金融理財組,10,底,--,--,--,--,5,--,--,10,--
051162,財務金融學系產業實習組,5,底,--,--,--,--,10,--,--,20,--
051172,創新應用管理學系企業創新組,7,底,--,--,--,--,7,--,--,15,--
051182,創新應用管理學系企業營運組,7,底,--,--,--,--,15,--,--,7,--
051192,觀光與餐飲管理學系觀光旅遊組,21,底,--,--,--,--,3,--,--,--,--
051202,觀光與餐飲管理學系餐飲技術組,12,底,--,--,--,--,4,--,--,--,--
051212,觀光與餐飲管理學系餐飲管理組,12,底,--,--,--,--,4,--,--,--,--
051222,醫務管理學系醫院經營管理組,10,底,--,--,--,--,15,5,--,--,--
051232,醫務管理學系長照機構管理組,10,底,--,--,--,--,15,--,--,5,--
051242,醫務管理學系健康資訊服務組,8,底,--,--,--,--,15,--,6,--,--
051252,生物科技學系醫藥生技行銷管理組,8,底,--,--,--,--,6,--,--,--,--
051262,生物科技學系生物檢測組,8,底,--,--,--,--,6,--,--,--,--
051272,生物科技學系生物醫學組,9,底,--,--,--,--,5.5,--,--,--,--
051282,健康心理學系,33,底,--,--,--,--,3,--,--,--,--
051292,保健營養學系,25,底,--,--,--,--,15,--,--,--,3
051302,護理學系A組,10,底,--,--,--,--,15,--,--,5,--
051312,護理學系B組,10,底,--,--,--,--,15,--,--,--,5
051322,護理學系C組,30,底,--,--,--,--,15,3,--,--,--
051332,醫藥科學產業學系醫藥產業組,8,底,--,--,--,--,6,--,--,--,--
051342,醫藥科學產業學系藥物科技組,8,底,--,--,--,--,6,--,--,--,--
051352,醫藥科學產業學系醫學科學組,8,底,--,--,--,--,6,--,--,--,--
051362,醫學社會暨健康照護學士學位學程健康照護組,14,底,--,--,--,--,3.5,--,--,--,--
051372,醫學社會暨健康照護學士學位學程醫學社會組,10,底,--,--,--,--,5,--,--,--,--
051382,蘭花產業應用學士學位學程蘭花國際行銷組,6,底,--,--,--,--,8,--,--,--,--
051392,蘭花產業應用學士學位學程蘭花生技組,5,底,--,--,--,--,10,--,--,--,--
051402,職業安全與衛生學系職業安全衛生管理組,22,底,--,--,--,--,3,--,--,--,--
051412,職業安全與衛生學系職場健康促進管理組,12,--,--,--,底,--,4,--,--,--,--
051422,職業安全與衛生學系職業安全組,12,--,--,--,--,底,4,--,--,--,--
051432,職業安全與衛生學系職業衛生組,8,底,--,--,--,--,6,--,--,--,--
051442,職業安全與衛生學系(青年儲蓄帳戶組),2,底,--,--,--,--,--,--,--,--,--
051452,環境與食品安全檢驗學士學位學程食品安全管理組,10,底,--,--,--,--,5,--,--,--,--
051462,環境與食品安全檢驗學士學位學程環境檢驗組,8,--,--,--,--,底,--,--,--,--,6
051472,環境與食品安全檢驗學士學位學程食品檢驗組,10,--,--,--,--,底,--,--,--,--,5
051482,消防安全學士學位學程消防實務管理組,8,--,--,--,底,--,6,--,--,--,--
051492,消防安全學士學位學程火場鑑識組,10,底,--,--,--,--,5,--,--,--,--
051502,消防安全學士學位學程消防防災技術組,10,--,--,--,--,底,5,--,--,--,--
051512,綠能與環境資源學系綠能產業管理組,6,底,--,--,--,--,8,--,--,12,--
051522,綠能與環境資源學系綠能產業實習組,6,底,--,--,--,--,10,--,--,8,--
051532,綠能與環境資源學系綠能環境科技組,12,--,--,--,--,底,4,--,--,--,10
051542,無人機應用學士學位學程,14,底,--,--,--,--,3.5,--,--,--,--
051552,大眾傳播學系A組,34,底,--,--,--,--,3,--,--,--,--
051562,大眾傳播學系B組,12,--,--,--,底,--,4,--,--,15,--
051572,大眾傳播學系C組,12,底,--,--,--,--,15,--,--,4,--
051582,翻譯學系,10,--,底,--,--,--,5,8,--,--,--
051592,翻譯學系國際經貿翻譯組,10,底,--,--,--,--,8,5,--,--,--
051602,翻譯學系語言教學與觀光組,12,底,--,--,--,--,4,5,--,--,--
051612,翻譯學系(青年儲蓄帳戶組),2,--,底,--,--,--,--,--,--,--,--
051622,社會工作學系,10,底,--,--,--,--,10,--,--,5,--
051632,社會工作學系A組,9,底,--,--,--,--,--,--,--,5.5,--
051642,社會工作學系B組,9,--,--,--,底,--,5.5,--,--,10,--
051652,社會工作學系C組,8,--,--,--,底,--,6,--,--,--,--
051662,應用日語學系語文溝通組,15,底,--,--,--,--,3,--,--,--,--
051672,應用日語學系觀光文化組,10,--,--,--,底,--,5,--,--,15,--
051682,應用日語學系經濟貿易組,10,底,--,--,--,--,15,5,--,--,--
051692,應用哲學系公共參與組,7,--,--,--,底,--,--,--,--,7,--
051702,應用哲學系社會關懷組,7,--,--,--,底,--,--,--,--,7,--
051712,東南亞文化與產業學士學位學程文化與觀光組,13,--,--,--,底,--,10,--,--,3.5,--
051722,東南亞文化與產業學士學位學程產業與商貿組,12,底,--,--,--,--,4,--,--,10,--
051732,資訊暨設計學院學士班(不分系),12,底,--,--,--,--,4,--,--,--,--
051742,資訊暨設計學院學士班媒體設計組,20,--,--,--,底,--,3,--,--,--,--
051752,資訊暨設計學院學士班數位內容設計組,20,底,--,--,--,--,3,--,--,--,--
051762,資訊暨設計學院學士班互動設計組,20,底,--,--,--,--,3,--,--,--,--
051772,資訊暨設計學院學士班資訊管理組,22,底,--,--,--,--,3,--,--,--,--
051782,資訊暨設計學院學士班資訊工程組,33,底,--,--,--,--,3,--,--,--,--
056012,圖文傳播藝術學系,10,均,均,--,均,均,--,--,--,--,--
056022,廣播電視學系,10,均,均,--,均,--,--,--,--,--,--
056032,電影學系,10,均,前,--,--,--,3,3,--,--,--
058012,中國語文學系,23,前,--,--,均,--,3,--,--,6,--
058022,外國語文學系,16,均,前,--,均,--,6,3,--,--,--
058032,社會政策與社會工作學系,20,均,均,--,均,--,6,7,--,5,--
058042,公共行政與政策學系,17,--,均,均,均,--,5,3,--,--,--
058052,歷史學系,15,均,均,--,均,--,7,6,--,3,--
058062,東南亞學系,20,--,均,--,均,--,--,3,--,5,--
058072,國際企業學系,24,均,均,均,--,--,10,3,8,--,--
058082,經濟學系,24,--,--,均,--,--,--,--,--,--,--
058092,資訊管理學系,24,--,均,均,--,--,--,6,3,--,--
058112,財務金融學系,25,均,均,均,--,--,--,6,3,--,--
058122,觀光休閒與餐旅管理學系觀光休閒組,9,均,均,--,均,--,8,5.5,--,6,--
058132,觀光休閒與餐旅管理學系餐旅管理組,7,均,均,--,均,--,10,7,--,8,--
058142,管理學院學士班,14,均,均,均,--,--,3,3,3,--,--
058152,國際文教與比較教育學系,19,均,均,--,--,--,5,3,--,--,--
058162,教育政策與行政學系,19,均,均,--,均,--,6,6,--,3,--
058172,諮商心理與人力資源發展學系諮商心理組,10,均,均,均,均,--,10,6,5,4,--
058182,諮商心理與人力資源發展學系終身學習與人力資源發展組,8,均,均,均,均,--,10,4,--,3,--
058192,教育學院學士班,9,均,均,--,均,--,6,6,--,3,--
058202,資訊工程學系,21,--,--,均,--,均,--,5,3,--,6
058222,土木工程學系,22,--,均,均,--,均,--,5,3,--,4
058232,電機工程學系,30,--,--,--,--,均,--,3,3,--,3
058242,應用化學系,21,--,均,均,--,均,--,5,3,--,5
058252,應用材料及光電工程學系,23,--,均,均,--,均,--,--,5,--,3
058262,科技學院學士班,10,--,均,均,--,均,--,8,3,--,5
059012,財務金融學系,30,底,--,--,--,--,3,--,--,--,--
059022,企業管理學系經營管理組,16,底,--,--,--,--,3,--,--,--,--
059032,企業管理學系行銷與創業組,17,--,--,--,底,--,--,--,--,3,--
059042,文化創意事業管理學系,33,--,--,--,底,--,6,--,--,3,--
059052,旅遊管理學系,36,底,--,--,--,--,3,--,--,--,--
059062,管理學院國際企業學士學位學程,9,--,底,--,--,--,--,5.5,--,--,--
059072,生死學系社會工作組,37,底,--,--,--,--,3,--,--,--,--
059082,生死學系殯葬服務組,42,底,--,--,--,--,3,--,--,--,--
059092,生死學系諮商組,31,底,--,--,--,--,3,--,--,--,--
059102,幼兒教育學系,36,底,--,--,--,--,5,--,--,--,--
059112,文學系,35,底,--,--,--,--,3,--,--,--,--
059122,外國語文學系,36,--,底,--,--,--,--,10,--,--,--
059132,應用社會學系社會學組,19,底,--,--,--,--,3,--,--,--,--
059142,應用社會學系社會工作組,28,底,--,--,--,--,3,--,--,--,--
059152,傳播學系社會組,7,底,--,--,--,--,7,--,--,10,--
059162,傳播學系自然組,5,底,--,--,--,--,10,--,12,--,--
059172,傳播學系廣告公關新聞組,7,--,--,--,底,--,10,--,--,7,--
059182,傳播學系數位影音設計組,7,--,--,--,底,--,10,--,--,7,--
059192,傳播學系影劇表演藝術組,7,--,--,--,底,--,10,--,--,7,--
059202,國際事務與企業學系,20,底,--,--,--,--,3,--,--,--,--
059212,國際事務與企業學系外交與國際事務組,6,--,--,--,底,--,--,--,--,8,--
059222,國際事務與企業學系企業與公共關係組,7,底,--,--,--,--,7,--,--,--,--
059232,視覺藝術與設計學系繪畫文創組,5,底,--,--,--,--,10,--,--,--,--
059242,視覺藝術與設計學系數位設計組,5,--,--,--,底,--,--,--,--,10,--
059252,民族音樂學系,10,底,--,--,--,--,5,--,--,--,--
059262,建築與景觀學系社會組,20,底,--,--,--,--,10,--,--,3,--
059272,建築與景觀學系自然組,10,底,--,--,--,--,10,--,--,--,5
059282,產品與室內設計學系,5,底,--,--,--,--,10,--,--,--,--
059292,產品與室內設計學系(青年儲蓄帳戶組),1,底,--,--,--,--,--,--,--,--,--
059302,資訊工程學系社會組,30,底,--,--,--,--,--,--,--,--,--
059312,資訊工程學系自然組,30,--,--,底,--,--,--,--,--,--,--
059322,資訊工程學系人工智慧組,10,--,--,底,--,--,--,--,--,--,--
059332,資訊工程學系互動設計組,6,底,--,--,--,--,8,--,--,--,--
059342,自然生物科技學系,18,--,--,--,--,底,--,--,--,--,3
059352,自然生物科技學系療癒組,8,底,--,--,--,--,6,--,--,--,--
059362,自然生物科技學系產品研發組,5,底,--,--,--,--,10,--,--,--,--
059372,資訊管理學系,16,底,--,--,--,--,8,--,--,--,--
060012,運動事業管理學系,12,後,後,--,後,--,3.5,3.5,--,--,--
060022,運動健康科學學系,23,後,後,--,--,後,3,3,--,--,3
060032,運動資訊與傳播學系(傳播組),11,後,後,--,後,--,4,4,--,4,--
060042,運動資訊與傳播學系(資訊組),5,後,後,後,--,後,4,4,4,--,4
060052,體育學系(青年儲蓄帳戶組),1,底,底,底,--,--,--,--,--,--,--
060062,休閒運動學系(一般組),9,底,底,--,底,--,3,3,--,3,--
063012,藝術史學系,15,--,均,--,--,--,10,3,--,--,--
065012,社會工作學系,27,底,--,--,--,--,3,--,--,--,--
065022,應用心理學系,46,--,--,--,底,--,--,--,--,3,--
065032,法律學系,34,底,--,--,--,--,3,--,--,--,--
065042,宗教與文化學系,5,底,--,--,--,--,5,--,--,--,--
065052,大眾傳播學系,30,底,--,--,--,--,3,--,--,--,--
065062,影劇藝術學系,15,底,--,--,--,--,3,--,--,--,--
065072,視覺傳達設計學系,20,底,--,--,--,--,3,--,--,--,--
065082,藝術與創意設計學系,15,底,--,--,--,--,3,--,--,--,--
065092,時尚設計學系,8,底,--,--,--,--,4,--,--,--,--
065102,藝術設計學院學士班,10,底,--,--,--,--,4,--,--,--,--
065112,應用日語學系,17,底,--,--,--,--,3,--,--,--,--
065122,餐旅管理學系,14,底,--,--,--,--,3,--,--,--,--
079012,人文與資訊學系一般組,7,--,--,--,底,--,--,--,--,7,--
079022,人文與資訊學系文化行銷組,7,--,--,--,底,--,--,--,--,7,--
079032,人文與資訊學系數位應用組,7,--,--,--,底,--,--,--,--,7,--
079042,宗教文化與資訊管理學系,10,底,--,--,--,--,5,--,--,5,--
079052,宗教文化與資訊管理學系-實務組,9,底,--,--,--,--,5,--,--,5,--
079062,英美語文學系,38,--,底,--,--,--,--,3,--,--,--
079072,應用日語學系,35,底,--,--,--,--,4,3,--,--,--
079082,台灣文學系,21,底,--,--,--,--,3,--,--,--,--
079092,統計資訊與精算學系一般組,5,底,--,--,--,--,10,--,--,--,--
079102,統計資訊與精算學系資料處理與決策組,6,底,--,--,--,--,8,--,--,--,--
079112,統計資訊與精算學系運動大數據分析組,8,底,--,--,--,--,6,--,--,--,--
079122,統計資訊與精算學系金融商品開發精算組,6,底,--,--,--,--,8,--,--,--,--
079132,資訊工程學系,9,底,--,--,--,--,5.5,--,--,--,--
079142,資訊工程學系科技應用組,9,--,底,--,--,--,--,5.5,--,--,--
079152,資訊工程學系物聯網與創客組,9,底,--,--,--,--,5.5,--,--,--,--
079162,資訊工程學系多媒體與遊戲設計組,9,底,--,--,--,--,5.5,--,--,--,--
079172,資訊工程學系大數據應用組,9,--,--,底,--,--,--,--,5.5,--,--
079182,法律學系,45,底,--,--,--,--,3,--,--,--,--
079192,會計資訊學系,38,--,--,--,底,--,3,--,--,3,--
079202,財務金融學系,38,底,--,--,--,--,3,--,3,3,--
079212,國際貿易學系,36,底,--,--,--,--,--,--,--,--,--
079222,國際貿易學系(青年儲蓄帳戶組),1,底,--,--,--,--,--,--,--,--,--
079232,理財與稅務規劃學系,25,--,--,--,底,--,--,--,--,3,--
079242,經濟學系,38,--,--,--,底,--,--,--,--,3,--
079252,工業管理與經營資訊學系,39,底,--,--,--,--,--,--,--,3,--
079262,企業管理學系,39,--,--,--,底,--,--,--,--,3,--
079272,資訊管理學系資管應用組,10,底,--,--,--,--,5,--,--,--,--
079282,資訊管理學系創新服務組,10,底,--,--,--,--,5,--,--,--,--
079292,資訊管理學系電商行銷組,10,底,--,--,--,--,5,--,--,--,--
079302,資訊管理學系智慧商務組,10,底,--,--,--,--,5,--,--,--,--
079312,運動管理學系,40,底,--,--,--,--,3,3,--,--,--
079322,運動資訊傳播學系,38,底,--,--,--,--,3,--,--,4,--
079332,觀光事業學系,32,--,--,--,底,--,--,--,--,3,--
079342,觀光數位知識學系資訊應用組,10,底,--,--,--,--,--,--,--,5,--
079352,觀光數位知識學系觀光旅遊組,10,--,--,--,底,--,5,--,--,--,--
079362,觀光數位知識學系旅館餐飲組,10,--,--,--,底,--,--,--,--,5,--
079372,觀光數位知識學系旅遊運輸組,10,--,--,--,底,--,--,--,--,5,--
079382,航空事業學系,25,底,後,--,底,--,5,5,--,3,--
099012,法律學系法學組,27,前,前,均,頂,--,2.5,3,3.5,--,--
099022,法律學系司法組,27,前,前,均,頂,--,2.5,3,3.5,--,--
099032,法律學系財經法組,27,前,前,均,頂,--,2.5,3,3.5,--,--
099042,企業管理學系,60,均,前,前,--,--,--,10,10,--,--
099052,企業管理學系(飛鳶組),1,均,均,均,--,--,--,10,10,--,--
099062,金融與合作經營學系,32,均,均,均,--,--,--,6,3,--,--
099072,金融與合作經營學系(飛鳶組),1,均,均,均,--,--,--,7,6,--,--
099082,會計學系,66,均,前,均,--,--,--,3,5,--,--
099092,統計學系,19,前,前,前,--,--,--,--,--,--,--
099102,休閒運動管理學系,26,均,均,均,--,--,--,3,5,--,--
099112,休閒運動管理學系(飛鳶組),1,均,均,均,--,--,--,5,7,--,--
099122,公共行政暨政策學系,69,均,均,--,均,--,4,5,--,3,--
099132,公共行政暨政策學系(飛鳶組),1,均,均,--,均,--,6,7,--,5,--
099142,財政學系,30,均,均,均,均,--,--,3,4,--,--
099152,財政學系(飛鳶組),1,均,均,均,均,--,--,5,6,--,--
099162,不動產與城鄉環境學系,64,前,均,均,--,--,--,2.5,3,--,--
099172,不動產與城鄉環境學系(飛鳶組),1,均,均,均,--,--,--,6,7,--,--
099182,經濟學系,60,均,前,前,--,--,4,3,3,--,--
099192,經濟學系(飛鳶組),2,均,均,均,--,--,4,3,3,--,--
099202,社會學系,27,--,均,均,均,--,--,4,5,3,--
099212,社會工作學系,17,均,均,均,--,--,3,3,6,--,--
099222,社會工作學系(連江公費生),2,後,後,後,--,--,6,6,6,--,--
099232,中國文學系,20,前,均,--,均,--,3,8,--,10,--
099242,應用外語學系,23,前,前,--,--,--,3,4,--,--,--
099252,應用外語學系(飛鳶組),1,均,均,--,--,--,3,4,--,--,--
099262,歷史學系,17,均,均,--,前,--,5,6,--,3,--
099272,歷史學系(飛鳶組),1,均,--,--,均,--,7,--,--,6,--
099282,資訊工程學系,32,--,均,均,--,均,--,6,3,--,6
099302,通訊工程學系,25,--,均,均,--,均,--,5,3,--,10
099312,通訊工程學系(飛鳶組),1,--,均,均,--,均,--,7,6,--,10
099322,電機工程學系,24,--,均,均,--,均,--,7,3,--,5
099332,電機工程學系(飛鳶組),1,--,均,均,--,均,--,7,3,--,5
100012,教育學系,15,均,--,--,--,--,3,--,--,--,--
100022,輔導與諮商學系,24,均,前,均,均,--,8,3,--,--,--
100032,特殊教育學系,19,均,--,--,--,--,3,--,--,--,--
100042,幼兒教育學系,27,均,--,--,--,--,3,--,--,--,--
100052,數位學習設計與管理學系,21,後,--,--,--,--,10,--,5,--,--
100062,中國文學系,22,均,--,--,底,--,3,--,--,9,--
100072,應用歷史學系,22,均,底,--,均,--,6,--,--,8,--
100082,外國語言學系英語教學組,22,均,均,--,--,--,7,3,--,--,--
100092,外國語言學系應用外語組,22,均,均,--,--,--,7,3,--,--,--
100102,企業管理學系,20,均,均,均,--,--,15,3,12,--,--
100112,應用經濟學系,22,均,均,均,--,--,8,4,3,--,--
100122,生物事業管理學系,20,--,後,--,--,--,--,--,--,--,--
100132,資訊管理學系,29,--,--,均,--,--,--,--,--,--,--
100142,行銷與觀光管理學系,21,均,均,均,--,--,15,10,3,--,--
100152,財務金融學系,21,--,--,均,--,--,--,--,--,--,--
100162,農藝學系,20,--,--,--,--,均,--,--,--,--,--
100172,園藝學系,20,底,底,--,--,底,--,--,--,--,--
100182,森林暨自然資源學系,21,--,--,--,--,底,8,6,5,--,3
100192,木質材料與設計學系,17,--,底,--,--,底,--,--,--,--,--
100202,動物科學系,22,--,均,--,--,均,--,--,--,--,--
100212,生物農業科技學系,17,--,底,--,--,底,--,--,--,--,--
100222,景觀學系,21,均,--,--,--,--,--,--,--,--,--
100232,植物醫學系,18,--,--,--,--,均,--,--,--,--,--
100242,電子物理學系,22,底,均,均,--,均,--,8,4,--,3
100252,應用化學系,24,--,均,--,--,均,--,--,--,--,--
100262,應用數學系,22,--,--,均,--,--,--,10,3,--,8
100272,資訊工程學系,24,--,--,均,--,--,--,--,--,--,--
100282,生物機電工程學系,22,--,均,均,--,均,--,--,--,--,--
100292,土木與水資源工程學系,23,--,後,均,--,均,--,10,3,--,5
100302,電機工程學系,24,--,均,均,--,均,--,--,--,--,--
100312,機械與能源工程學系,22,--,均,均,--,均,--,--,--,--,--
100322,機械與能源工程學系(青年儲蓄帳戶組),1,--,均,均,--,均,--,--,--,--,--
100332,食品科學系,18,--,均,均,--,均,--,6,8,--,3
100342,水生生物科學系,19,--,後,後,--,後,--,5,--,--,3
100352,生物資源學系,20,--,--,--,--,均,--,6,--,--,3
100362,生化科技學系,22,--,--,--,--,均,--,--,--,--,--
100372,微生物免疫與生物藥學系,20,--,後,--,--,後,--,4,--,--,5
100382,獸醫學系,24,--,均,--,--,均,--,4,--,--,3
101012,西洋語文學系,20,均,前,--,均,--,3,4.5,--,--,--
101022,運動健康與休閒學系,26,--,後,後,--,後,--,3,5,--,3
101032,東亞語文學系日語組,7,均,均,--,均,--,8,4,--,5,--
101042,東亞語文學系韓語組,7,均,均,--,均,--,8,4,--,5,--
101052,東亞語文學系越語組,7,均,均,--,均,--,8,4,--,5,--
101062,法律學系,20,均,均,--,均,--,--,--,--,--,--
101072,政治法律學系,22,均,均,--,底,--,3.5,3,--,3.5,--
101082,財經法律學系,21,均,均,均,均,--,3,5,5,--,--
101092,應用經濟學系,27,均,均,均,--,--,--,6,3,--,--
101102,亞太工商管理學系企業管理組,11,均,均,均,均,--,--,--,--,--,--
101112,亞太工商管理學系工業管理組,11,均,均,均,--,均,--,--,--,--,--
101122,資訊管理學系,18,均,均,均,--,--,3,3,3,--,--
101132,金融管理學系,20,均,均,均,均,--,--,3,3,--,--
101142,應用數學系,30,--,--,均,--,--,--,--,5,--,--
101152,應用化學系,23,--,均,均,--,均,--,3,3,--,3
101162,應用物理學系,25,--,均,均,--,均,--,--,3,--,3
101172,生命科學系,23,均,均,--,--,均,--,--,--,--,3
101182,電機工程學系,50,--,均,均,--,均,--,3,3,--,3
101192,土木與環境工程學系土木工程組,15,均,--,均,--,均,--,--,--,--,--
101202,土木與環境工程學系環境工程組,15,均,--,均,--,均,--,--,--,--,--
101212,化學工程及材料工程學系,17,均,均,均,--,均,3,3,3,--,3
101222,資訊工程學系,18,--,均,均,--,均,--,6,3,--,--
101232,建築學系,16,均,均,均,--,--,3,3,3,--,--
108012,醫學系,26,前,頂,頂,--,頂,9,5,5,--,3
108022,醫學檢驗生物技術學系,28,--,均,--,--,均,--,3,--,--,3
108032,公共衛生學系,23,--,後,--,--,--,--,--,--,--,--
108042,護理學系,33,--,--,--,--,後,3,3,--,--,3
108052,醫學資訊學系,23,--,--,後,--,--,--,--,3,--,--
108062,物理治療學系,22,--,均,--,--,均,--,3,--,--,3
108072,生命科學系,22,--,--,--,--,均,--,--,--,--,3
108082,分子生物暨人類遺傳學系,21,--,--,--,--,後,--,--,--,--,3
108092,傳播學系,24,後,--,--,底,--,5,--,--,4,--
108102,兒童發展與家庭教育學系,15,底,--,--,--,--,3,--,--,--,--
108112,社會工作學系,23,底,--,--,--,--,5,--,--,4,--
108122,人類發展與心理學系,19,底,--,--,--,--,3,--,--,--,--
108132,東方語文學系中文組,12,底,--,--,--,--,4,--,--,--,--
108142,東方語文學系日文組,17,底,--,--,--,--,3,--,--,--,--
108152,英美語文學系,17,--,底,--,--,--,--,3,--,--,--
108162,國際服務產業管理學士學位學程,13,--,後,--,--,--,--,3.5,--,--,--
108172,醫學系(公費生),8,前,頂,頂,--,頂,9,5,5,--,3
108182,翔飛A組,11,--,--,--,--,均,--,--,--,--,4
108192,翔飛B組,9,後,--,--,--,--,--,--,--,--,--
109012,醫學系,85,--,前,前,--,前,8,3,3,--,3
109022,醫學系(公費生),8,--,前,前,--,前,8,3,3,--,3
109032,牙醫學系,55,均,均,均,--,均,10,5,7,--,3
109042,藥學系藥學組,84,--,前,均,--,均,--,8,10,--,3
109052,藥學系臨床藥學組,37,--,前,均,--,均,--,8,10,--,3
109062,醫學檢驗暨生物技術學系,35,--,均,--,--,均,--,8,--,--,8
109072,護理學系,38,--,均,--,--,均,--,6,--,--,6
109082,保健營養學系,40,均,均,均,--,均,--,3,--,--,5
109092,公共衛生學系,27,均,均,--,--,均,--,3,8,--,8
109102,醫務管理學系,34,均,均,均,--,--,5,5,3,--,--
109112,呼吸治療學系,26,--,均,--,--,均,--,5,--,3,3
109122,高齡健康管理學系,28,--,均,--,--,均,--,5,--,--,3
109132,牙體技術學系,19,均,均,--,--,均,3,8,--,--,8
109142,口腔衛生學系,22,均,均,--,--,均,3,8,--,--,8
109152,生物醫學工程學系,22,--,均,均,--,均,--,5,5,--,5
109162,食品安全學系,22,均,均,--,--,均,3,3,8,--,8
109172,醫學系(展翅A組),2,--,前,均,--,前,8,3,3,--,3
109182,牙醫學系(展翅B組),1,均,前,均,--,前,--,5,--,--,5
109192,展翅C組,13,--,均,均,--,均,--,5,--,--,5
110012,企業與創業管理學系,16,--,--,--,底,--,--,--,--,3,--
110022,國際企業學系,21,--,--,--,底,--,--,--,--,3,--
110032,會計學系,14,--,--,--,底,--,--,--,--,3.5,--
110042,行銷學系,13,--,--,--,底,--,--,--,--,3.5,--
110052,國際物流與運輸管理學系,25,--,--,--,底,--,--,--,--,3,--
110062,空運管理學系,44,--,底,--,--,--,--,3,--,--,--
110072,觀光與餐飲旅館學系,36,底,--,--,--,--,3,--,--,--,--
110082,休閒事業管理學系,16,--,--,--,底,--,--,--,--,3,--
110092,資訊管理學系,19,底,--,--,--,--,3,--,--,--,--
110102,資訊管理學系(青年儲蓄帳戶組),1,底,--,--,--,--,--,--,--,--,--
110112,資訊傳播學系,21,--,--,--,底,--,--,--,--,3,--
110122,電影與創意媒體學系,18,底,--,--,--,--,3,--,--,--,--
110132,法律學系,49,--,--,--,底,--,--,--,--,3,--
110142,應用日語學系,55,底,底,--,--,--,3,4,--,--,--
110152,應用英語學系,15,--,底,--,--,--,--,3,--,--,--
110162,保健營養學系,18,--,--,--,--,底,--,--,--,--,3
110172,健康產業管理學系,19,--,底,--,--,--,--,3,--,--,--
110182,養生與健康行銷學系,15,--,--,--,底,--,--,--,--,3,--
111012,幼兒教育學系(師資培育學系),10,底,--,--,--,--,5,--,--,--,--
111022,餐旅管理學系,14,底,--,--,--,--,3.5,--,--,--,--
111032,飯店管理學系,10,底,--,--,--,--,5,--,--,--,--
111042,烘焙管理學系,15,底,--,--,--,--,3,--,--,--,--
111052,觀光事業管理學系(休閒旅遊組),6,底,--,--,--,--,8,--,--,--,--
111062,觀光事業管理學系(經營管理組),6,底,--,--,--,--,8,--,--,--,--
112012,嬰幼兒保育學系(台北校區),15,底,--,--,--,--,--,--,--,--,--
112022,長期照護學系(台北校區),18,底,--,--,--,--,--,--,--,--,--
113012,財務金融學系,20,--,--,均,--,--,--,--,3,--,--
113022,財經法律學系,22,均,--,--,--,--,3,--,--,--,--
113032,企業管理學系,27,均,--,--,--,--,3,--,--,--,--
113042,金融管理學院學士班,25,均,--,--,--,--,3,--,--,--,--
113052,人工智慧學系,18,--,--,均,--,--,--,--,3,--,--
113062,財務金融學系(青年儲蓄帳戶組),1,--,--,均,--,--,--,--,--,--,--
130012,文化資產與創意學系(文化創意組),12,底,--,--,--,--,4,--,--,--,--
130022,文化資產與創意學系(文化觀光組),17,--,--,--,底,--,--,--,--,3,--
130032,傳播學系(數位媒體組),21,底,--,--,--,--,3,--,--,--,--
130042,傳播學系(廣告公關組),21,--,--,--,底,--,--,--,--,3,--
130052,傳播學系(流行音樂傳播組),22,底,--,--,--,--,3,--,--,--,--
130062,資訊應用學系(資訊系統與智慧應用組),14,--,--,--,底,--,--,--,--,3.5,--
130072,資訊應用學系(網路與多媒體組),13,底,--,--,--,--,3.5,--,--,--,--
130082,資訊應用學系(動畫與數位內容組),13,--,--,--,底,--,--,--,--,3.5,--
130092,資訊應用學系(數位遊戲開發組),13,底,--,--,--,--,3.5,--,--,--,--
130102,中國文學與應用學系,30,底,--,--,--,--,3,--,--,--,--
130112,歷史學系(A組),15,--,--,--,底,--,--,--,--,3,--
130122,歷史學系(B組),15,--,--,--,底,--,--,--,--,--,--
130132,外國語文學系,41,--,底,--,--,--,--,3,--,--,--
130142,社會學暨社會工作學系,42,底,--,--,--,--,3,--,--,--,--
130152,心理學系,38,--,--,底,--,--,--,--,--,--,--
130162,公共事務學系(國際與兩岸事務組),24,--,--,--,底,--,--,--,--,3,--
130172,公共事務學系(行政管理組),23,底,--,--,--,--,3,--,--,--,--
130182,管理學系(經營管理組),15,底,--,--,--,--,3,--,--,--,--
130192,管理學系(行銷與創業組),15,底,--,--,--,--,3,--,--,--,--
130202,管理學系(休閒事業管理組),16,--,--,--,底,--,--,--,--,3,--
130212,應用經濟學系(財務金融組),22,--,--,--,底,--,--,--,--,3,--
130222,應用經濟學系(國際商務組),18,--,--,--,底,--,--,--,--,3,--
130232,未來與樂活產業學系,30,--,--,--,底,--,--,--,--,3,--
130242,外國語文學系(青年儲蓄帳戶組),1,--,底,--,--,--,--,--,--,--,--
130252,管理學系(青年儲蓄帳戶組),1,底,--,--,--,--,--,--,--,--,--
133012,企業管理學系,30,--,--,底,--,--,8,8,--,--,--
133022,餐旅管理學系,28,--,--,底,--,--,8,3,8,--,--
133032,休閒保健學系,20,--,--,底,--,--,8,3,8,--,--
133042,精緻農業學系,20,底,--,--,--,--,3,8,8,--,--
133052,材料與能源工程學系,15,--,--,底,--,--,8,--,8,--,3
133062,數位設計學系,25,底,--,--,--,--,8,--,--,5,--
133072,景觀與環境設計學系,15,--,--,底,--,--,8,3,8,--,--
133082,中華文化與傳播學系,10,底,--,--,--,--,5,--,--,8,--
133092,應用外語學系,33,--,底,--,--,--,8,3,--,8,--
133102,餐旅管理學系(青年儲蓄帳戶組),3,--,--,底,--,--,--,--,--,--,--
134012,健康產業管理學系健康產業管理組,34,底,底,底,--,--,--,--,--,--,--
134022,健康產業管理學系醫療機構管理組,34,底,底,底,--,--,--,--,--,--,--
134032,食品營養與保健生技學系食品營養組,27,底,--,--,--,底,7,--,--,--,5
134042,食品營養與保健生技學系保健化妝品組,26,底,底,--,--,--,7,5,--,--,--
134052,醫學檢驗暨生物技術學系醫事檢驗組,17,--,--,--,--,後,10,--,--,--,8
134062,醫學檢驗暨生物技術學系生物技術組,16,--,--,--,--,後,10,--,--,--,8
134072,心理學系心理師研修組,7,--,--,--,--,後,--,15,--,--,13
134082,心理學系諮商與臨床心理組,37,--,底,--,--,--,10,7,--,--,--
134092,心理學系工商與社會心理組,32,--,--,--,底,--,--,10,--,7,--
134102,護理學系國際護理組,15,--,後,底,--,後,--,--,--,--,--
134112,護理學系臨床照護組,33,--,底,--,--,後,--,--,--,--,--
134122,護理學系高齡長期照護組,20,底,底,--,--,底,--,--,--,--,--
134132,視光學系,68,底,底,--,--,--,--,--,--,--,--
134142,聽力暨語言治療學系,34,--,底,--,--,底,--,3,--,--,3
134152,職能治療學系,34,底,底,--,--,底,--,3,--,--,--
134162,物理治療學系,34,--,底,底,--,底,--,3,5,--,3
134172,資訊工程學系人工智慧組,22,底,--,--,底,--,3,--,--,3,--
134182,資訊工程學系數位內容與遊戲設計組,22,底,--,--,底,--,3,--,--,3,--
134192,行動商務與多媒體應用學系多媒體應用組,30,底,--,--,底,--,--,--,--,--,--
134202,行動商務與多媒體應用學系行動商務組,31,底,--,--,底,--,--,--,--,--,--
134212,資訊傳播學系智慧傳播應用組,23,底,--,--,底,--,--,--,--,--,--
134222,資訊傳播學系新媒體傳播內容組,24,底,--,--,底,--,--,--,--,--,--
134232,經營管理學系企業創新管理組,21,底,底,--,--,--,3,3,--,--,--
134242,經營管理學系行銷管理組,22,底,底,--,--,--,3,3,--,--,--
134252,經營管理學系國際企業管理組,22,底,底,--,--,--,3,3,--,--,--
134262,休閒與遊憩管理學系餐旅事業管理組,25,底,--,--,--,--,3,--,--,3,--
134272,休閒與遊憩管理學系旅遊事業管理組,25,底,--,--,--,--,3,--,--,3,--
134282,會計與資訊學系會計稅務組,14,底,--,--,--,--,3.5,--,--,--,--
134292,財務金融學系投資理財組,29,底,底,--,底,--,--,--,--,--,--
134302,財務金融學系金融科技組,32,底,底,--,底,--,--,--,--,--,--
134312,財經法律學系科技法律組,30,底,--,--,底,--,3,--,--,3,--
134322,財經法律學系財經法律組,30,底,--,--,底,--,3,--,--,3,--
134332,外國語文學系語文專業組,13,底,底,--,--,--,--,--,--,--,--
134342,外國語文學系語文應用組,16,底,底,--,--,--,--,--,--,--,--
134352,社會工作學系社工心理雙專業組,31,底,--,底,--,--,5,--,--,--,--
134362,社會工作學系醫務社工與長期照顧雙專業組,31,底,--,--,底,--,5,--,--,--,--
134372,幼兒教育學系文教產業組,24,底,--,--,底,--,--,--,--,3,--
134382,幼兒教育學系幼教師資組,30,底,--,--,底,--,3,--,--,3,--
134392,數位媒體設計學系數位動畫設計組,26,底,底,--,--,--,3,3,--,--,--
134402,數位媒體設計學系數位遊戲設計組,27,底,底,--,--,--,3,3,--,--,--
134412,視覺傳達設計學系,57,底,底,--,--,--,6,--,--,--,--
134422,創意商品設計學系,49,底,--,--,底,--,3,--,--,3,--
134432,時尚設計學系時尚服裝設計組,29,底,底,--,--,--,8,6,--,--,--
134442,時尚設計學系服飾創意設計組,26,底,--,--,底,--,8,--,--,6,--
134452,室內設計學系商業空間組,14,--,底,--,底,--,--,8,--,8,--
134462,室內設計學系住宅空間組,13,--,底,--,底,--,--,8,--,8,--
134472,經營管理學系企業創新管理組(青年儲蓄帳戶組),1,底,底,--,--,--,--,--,--,--,--
134482,資訊工程學系智慧電子組,21,底,--,--,--,底,3,--,--,--,3
134492,室內設計學系智慧空間組,14,--,--,--,底,--,--,--,--,3.5,--
134502,生物資訊與醫學工程學系生醫資訊組,12,--,--,底,--,--,--,--,--,--,--
134512,生物資訊與醫學工程學系醫學工程組,12,--,--,底,--,--,--,--,--,--,--
134522,會計與資訊學系智慧稽核組,15,底,--,--,--,--,3,--,--,--,--
150012,外國語文學系,10,--,均,--,--,--,5,4.5,--,--,--
150022,應用經濟與管理學系,26,--,均,--,--,--,--,3,3,--,--
150032,休閒產業與健康促進學系,12,後,均,--,--,--,--,4,--,--,--
150042,土木工程學系,28,--,--,--,--,後,--,--,3,--,3
150052,機械與機電工程學系,18,--,--,--,--,後,--,--,--,--,5
150062,化學工程與材料工程學系,34,--,--,均,--,均,--,--,--,--,--
150072,環境工程學系,18,--,--,後,--,後,--,5,3,--,4
150082,生物機電工程學系,18,--,--,均,--,--,--,--,--,--,--
150092,食品科學系,20,--,--,--,--,均,--,--,--,--,3
150102,生物技術與動物科學系,32,--,--,--,--,後,--,5,--,--,4
150112,森林暨自然資源學系,13,--,--,--,--,均,6,--,--,--,3.5
150122,園藝學系,18,--,--,--,--,均,4,5,--,--,3
150132,電機工程學系,39,--,--,均,--,--,--,--,6,--,5
150142,電子工程學系,36,--,--,均,--,--,--,--,4,--,5
150152,資訊工程學系,18,--,--,均,--,--,--,3,3,--,--
151012,機械工程學系,28,--,--,--,--,後,6,--,--,--,3
151022,化學工程學系,54,--,--,後,--,--,--,--,3,--,6
151032,土木與防災工程學系,30,--,--,--,--,後,--,--,5,--,3
151042,材料科學工程學系,31,--,--,--,--,後,--,--,--,--,--
151052,環境與安全衛生工程學系,38,--,--,後,--,--,--,--,3,--,3
151062,能源工程學系,33,--,--,後,--,--,--,5,--,--,3
151072,建築學系,20,後,後,--,--,--,6,3,5,--,--
151082,工業設計學系,22,--,後,--,--,--,--,3,--,--,--
151092,電機工程學系,58,--,--,均,--,--,--,--,3,--,6
151102,電子工程學系,77,--,--,均,--,--,3,--,--,--,6
151112,光電工程學系,31,--,--,--,--,後,--,--,5,--,3
151122,資訊工程學系,17,--,後,均,--,--,--,4,5,--,--
151142,經營管理學系,48,--,均,--,--,--,3,--,3,--,--
151152,資訊管理學系,21,均,--,--,--,--,--,--,--,--,--
151172,財務金融學系,20,--,均,--,--,--,--,8,5,--,--
151182,臺灣語文與傳播學系,21,均,後,--,--,--,3,4,--,--,--
151192,華語文學系,20,均,--,--,--,--,3,4,--,--,--
151202,文化觀光產業學系,24,後,--,--,--,--,3,4,--,3,--
151212,文化創意與數位行銷學系,25,後,--,--,--,--,8,5,--,3,--
152012,醫學系,22,--,頂,頂,前,頂,--,3,3,8,3
152022,護理學系,49,均,均,--,--,均,--,5,--,--,3
152032,聽力暨語言治療學系聽力組,11,均,均,--,--,均,--,--,--,--,--
152042,聽力暨語言治療學系聽力組(青年儲蓄帳戶組),1,均,均,--,--,均,--,--,--,--,--
152052,聽力暨語言治療學系語言組,17,均,均,--,--,均,4,3,--,--,3
153012,應用英語學系,27,--,均,--,--,--,--,3,--,--,--
153022,運動與休閒學系,15,--,後,--,--,--,3,4,--,--,--
153032,企業管理學系,28,均,--,--,--,--,3,--,--,--,--
153042,電子工程學系,30,--,--,後,--,後,3,--,--,--,3
153052,食品科學系,18,--,後,--,--,--,--,--,4,--,3
153062,土木與工程管理學系,14,--,--,後,--,--,4,--,--,--,3
153072,觀光管理學系,19,均,--,--,--,--,4,--,--,3,--
153082,資訊工程學系,23,均,--,--,--,後,4,--,--,--,3
153102,建築學系,20,均,--,--,--,--,--,--,--,--,--
153112,國際暨大陸事務學系,20,後,--,--,後,--,4,--,--,3,--
153122,華語文學系,19,均,--,--,--,--,4,--,--,3,--
153132,海洋與邊境管理學系,19,均,--,--,--,--,3,3,--,3,--
153142,工業工程與管理學系,21,後,--,--,--,--,3,--,--,--,--
153152,護理學系,18,--,後,--,--,後,--,4,--,--,3
153162,長期照護學系,20,後,--,--,--,--,3,--,--,--,--
153172,社會工作學系,20,--,--,--,均,--,--,--,--,3,--
153182,都市計畫與景觀學系,20,後,--,--,--,--,5,--,3,4,--
154012,基督教博雅學系,9,底,--,--,--,--,3,--,--,--,--
