University,DEPARTMENT,CAR1,CAR2,CAR3
國立政治大學,教育學系,中等學校教師,國小學校教師,行政人員
國立政治大學,國文學系,文編／校對／文字工作者,中等學校教師,行政人員
國立政治大學,英國語文學系,國外業務人員,國內業務人員,行銷企劃人員
國立政治大學,日本語文學系,國外業務人員,業務助理,國內業務人員
國立政治大學,阿拉伯語文學系,國外業務人員,業務助理,國內業務人員
國立政治大學,韓國語文學系,其他翻譯／口譯人員,行銷企劃人員,國外業務人員
國立政治大學,土耳其語文學系,國外業務人員,行政人員,行銷企劃人員
國立政治大學,歐洲語文學系,國外業務人員,行銷企劃人員,業務助理
國立政治大學,斯拉夫語文學系,國外業務人員,業務助理,行政助理
國立政治大學,史學系,文編／校對／文字工作者,中等學校教師,行政人員
國立政治大學,哲學系,門市／店員／專櫃人員,行政人員,行政助理
國立政治大學,經濟學系,國外業務人員,行銷企劃人員,國內業務人員
國立政治大學,政治學系,行銷企劃人員,行政人員,國內業務人員
國立政治大學,社會學系,行政人員,活動企劃人員,行銷企劃人員
國立政治大學,民族學系,行政人員,行銷企劃人員,行政助理
國立政治大學,心理學系,人力資源人員,行政人員,研究助理
國立政治大學,公共行政學系,行銷企劃人員,行政助理,行政人員
國立政治大學,地政學系,都市／交通規劃人員,行政人員,不動產產權審核／估價師
國立政治大學,外交學系,國外業務人員,行銷企劃人員,行政人員
國立政治大學,傳播學系,行銷企劃人員,網站行銷企劃,國外業務人員
國立政治大學,新聞學系,記者／採編,文編／校對／文字工作者,行銷企劃人員
國立政治大學,廣播電視學系,行銷企劃人員,影片製作技術人員,節目製作人員
國立政治大學,廣告學系,行銷企劃人員,廣告文案／企劃,活動企劃人員
國立政治大學,會計與資訊科技學系,查帳／審計人員,記帳／出納／一般會計,財務分析／財務人員
國立政治大學,企業管理學系,行銷企劃人員,飯店工作人員,國外業務人員
國立政治大學,國際經營與貿易學系,國外業務人員,行銷企劃人員,國內業務人員
國立政治大學,財務管理學系,財務分析／財務人員,查帳／審計人員,銀行辦事員
國立政治大學,金融學系,銀行辦事員,金融研究員,融資／信用業務人員
國立政治大學,風險管理學系,核保／保險內勤人員,理賠人員,統計精算人員
國立政治大學,財政學系,查帳／審計人員,稅務人員,記帳／出納／一般會計
國立政治大學,法律學系,法務人員,律師,法務助理
國立政治大學,應用數學系,軟體設計工程師,國內業務人員,金融研究員
國立政治大學,統計科學學系,統計精算人員,市場調查／市場分析,研究助理
國立政治大學,資訊管理學系,軟體設計工程師,Internet程式設計師,其他資訊專業人員
國立政治大學,資訊科學學系,軟體設計工程師,Internet程式設計師,其他資訊專業人員
私立世新大學,國文學系,行政人員,門市／店員／專櫃人員,文編／校對／文字工作者
私立世新大學,英語學系,業務助理,門市／店員／專櫃人員,行政人員
私立世新大學,日本語文學系,業務助理,門市／店員／專櫃人員,飯店工作人員
私立世新大學,數位媒體設計學系,平面設計／美編人員,多媒體動畫設計師,美術設計
私立世新大學,經濟學系,國內業務人員,銀行辦事員,行政人員
私立世新大學,社會心理學系,門市／店員／專櫃人員,行政人員,行政助理
私立世新大學,行政管理學系,門市／店員／專櫃人員,行政人員,行政助理
私立世新大學,資訊傳播工程學系,行銷企劃人員,網站行銷企劃,國內業務人員
私立世新大學,口語傳播學系,行銷企劃人員,門市／店員／專櫃人員,行政人員
私立世新大學,新聞學系,記者／採編,行銷企劃人員,文編／校對／文字工作者
私立世新大學,廣播電視學系,影片製作技術人員,節目製作人員,門市／店員／專櫃人員
私立世新大學,公共關係暨廣告學系,行銷企劃人員,門市／店員／專櫃人員,活動企劃人員
私立世新大學,圖文傳播暨數位出版學系,平面設計／美編人員,門市／店員／專櫃人員,行銷企劃人員
私立世新大學,企業管理學系,國內業務人員,門市／店員／專櫃人員,行政人員
私立世新大學,財務金融學系,銀行辦事員,門市／店員／專櫃人員,行政人員
私立世新大學,傳播管理學系,行銷企劃人員,門市／店員／專櫃人員,活動企劃人員
私立世新大學,法律學系,法務人員,法務助理,行政人員
私立世新大學,資訊管理學系,軟體設計工程師,門市／店員／專櫃人員,國內業務人員
私立世新大學,觀光與休閒管理學系,餐飲服務生,飯店工作人員,OP／旅行社人員
私立銘傳大學,華語教學學系,門市／店員／專櫃人員,行政人員,安親班老師
私立銘傳大學,應用中文學系,門市／店員／專櫃人員,行政人員,行政助理
私立銘傳大學,應用英語學系,業務助理,國外業務人員,行政人員
私立銘傳大學,應用日語學系,業務助理,門市／店員／專櫃人員,飯店工作人員
私立銘傳大學,數位媒體設計學系,平面設計／美編人員,多媒體動畫設計師,美術設計
私立銘傳大學,商業設計學系,平面設計／美編人員,商業設計,門市／店員／專櫃人員
私立銘傳大學,商品設計學系,工業設計,平面設計／美編人員,設計助理
私立銘傳大學,諮商與工商心理學系,門市／店員／專櫃人員,行政人員,行政助理
私立銘傳大學,公共事務學系,行政人員,門市／店員／專櫃人員,行政助理
私立銘傳大學,國際事務與外交學位學程,行政人員,飯店工作人員,業務助理
私立銘傳大學,資訊傳播工程學系,門市／店員／專櫃人員,行政人員,軟體設計工程師
私立銘傳大學,新聞學系,記者／採編,行銷企劃人員,門市／店員／專櫃人員
私立銘傳大學,新聞與大眾傳播學位學程,行銷企劃人員,網站行銷企劃,文編／校對／文字工作者
私立銘傳大學,廣播電視學系,節目製作人員,行銷企劃人員,影片製作技術人員
私立銘傳大學,新媒體暨傳播管理學系,門市／店員／專櫃人員,行銷企劃人員,平面設計／美編人員
私立銘傳大學,廣告暨策略行銷學系,行銷企劃人員,活動企劃人員,行政人員
私立銘傳大學,會計與資訊科技學系,查帳／審計人員,記帳／出納／一般會計,財務會計助理
私立銘傳大學,企業管理學系,業務助理,國內業務人員,行政人員
私立銘傳大學,國際企業學系,業務助理,國內業務人員,國外業務人員
私立銘傳大學,國際企業與貿易系,國外業務人員,行銷企劃人員,業務助理
私立銘傳大學,財務金融學系,銀行辦事員,記帳／出納／一般會計,行政人員
私立銘傳大學,經濟與金融學系,業務助理,銀行辦事員,門市／店員／專櫃人員
私立銘傳大學,風險管理學系,保險業務／經紀人,核保／保險內勤人員,銀行辦事員
私立銘傳大學,醫療資訊管理學系,醫院行政管理人員,行政人員,門市／店員／專櫃人員
私立銘傳大學,安全管理學系,門市／店員／專櫃人員,行政人員,行政助理
私立銘傳大學,時尚創意管理學位學程,NULL,NULL,NULL
私立銘傳大學,法律學系,法務人員,法務助理,行政人員
私立銘傳大學,財金法律系,法務助理,法務人員,行政人員
私立銘傳大學,生物科技學系,研究助理,門市／店員／專櫃人員,品管／檢驗人員
私立銘傳大學,應用統計與資料科學學系,門市／店員／專櫃人員,行政人員,記帳／出納／一般會計
私立銘傳大學,資訊管理學系,軟體設計工程師,門市／店員／專櫃人員,Internet程式設計師
私立銘傳大學,資訊科技應用學系,業務助理,軟體設計工程師,資訊助理人員
私立銘傳大學,電子學系,助理工程師,電子工程師,EMC／電子安規工程師
私立銘傳大學,資訊工程學系,軟體設計工程師,Internet程式設計師,門市／店員／專櫃人員
私立銘傳大學,電腦通訊學系,軟體設計工程師,門市／店員／專櫃人員,其他資訊專業人員
私立銘傳大學,生物醫學工程學系,門市／店員／專櫃人員,其他醫療從業人員,行政助理
私立銘傳大學,建築學系,建築設計／繪圖人員,室內設計／裝潢人員,設計助理
私立銘傳大學,都市規劃與防災學系,都市／交通規劃人員,行政人員,行政助理
私立銘傳大學,餐旅行銷管理學系,飯店工作人員,餐飲服務生,門市／店員／專櫃人員
私立銘傳大學,觀光事業學系,OP／旅行社人員,飯店工作人員,門市／店員／專櫃人員
私立銘傳大學,休閒遊憩規劃與管理學系,門市／店員／專櫃人員,飯店工作人員,餐飲服務生
私立銘傳大學,旅遊與觀光學位學程,飯店工作人員,地勤人員,國內業務人員
私立實踐大學,音樂學系,音樂老師,行政人員,門市／店員／專櫃人員
私立實踐大學,應用中文學系,門市／店員／專櫃人員,行政人員,安親班老師
私立實踐大學,應用外語系,行政人員,業務助理,國外業務人員
私立實踐大學,應用英語學系,門市／店員／專櫃人員,語文補習班老師,行政人員
私立實踐大學,應用日文學系,門市／店員／專櫃人員,飯店工作人員,業務助理
私立實踐大學,時尚設計學系,門市／店員／專櫃人員,平面設計／美編人員,設計助理
私立實踐大學,媒體傳達設計學系,平面設計／美編人員,美術設計,多媒體動畫設計師
私立實踐大學,工業設計學系,工業設計,平面設計／美編人員,商業設計
私立實踐大學,會計與資訊科技學系,記帳／出納／一般會計,查帳／審計人員,財務會計助理
私立實踐大學,會計暨稅務學系,記帳／出納／一般會計,查帳／審計人員,門市／店員／專櫃人員
私立實踐大學,企業管理學系,門市／店員／專櫃人員,行政人員,業務助理
私立實踐大學,國際企業學系,行政人員,門市／店員／專櫃人員,業務助理
私立實踐大學,國際貿易暨商務學系,國內業務人員,業務助理,門市／店員／專櫃人員
私立實踐大學,國際經營與貿易學系,業務助理,行政人員,國貿人員
私立實踐大學,財務金融學系,銀行辦事員,行政人員,記帳／出納／一般會計
私立實踐大學,金融管理學系,銀行辦事員,門市／店員／專櫃人員,保險業務／經紀人
私立實踐大學,風險管理學系,保險業務／經紀人,核保／保險內勤人員,行政人員
私立實踐大學,行銷學系,門市／店員／專櫃人員,行政人員,行銷企劃人員
私立實踐大學,資訊科技與管理系,軟體設計工程師,行政人員,餐飲服務生
私立實踐大學,資訊管理學系,門市／店員／專櫃人員,軟體設計工程師,行政人員
私立實踐大學,資訊模擬與設計學系,平面設計／美編人員,門市／店員／專櫃人員,多媒體動畫設計師
私立實踐大學,資訊科技與通訊學系,門市／店員／專櫃人員,軟體設計工程師,國內業務人員
私立實踐大學,建築設計學系,建築設計／繪圖人員,室內設計／裝潢人員,設計助理
私立實踐大學,食品營養與保健生技學系,門市／店員／專櫃人員,營養師,行政人員
私立實踐大學,社會工作學系,社工人員,行政人員,門市／店員／專櫃人員
私立實踐大學,家庭研究與兒童發展學系,幼教班老師,教保員,行政人員
私立實踐大學,餐飲管理學系,餐飲服務生,門市／店員／專櫃人員,行政人員
私立實踐大學,觀光與休閒管理學系,餐飲服務生,飯店工作人員,門市／店員／專櫃人員
私立實踐大學,休閒產業管理學系,門市／店員／專櫃人員,餐飲服務生,飯店工作人員
私立實踐大學,服裝設計學系,服裝／皮包／鞋類設計,設計助理,門市／店員／專櫃人員
私立實踐大學,服飾設計與經營學系,門市／店員／專櫃人員,服裝／皮包／鞋類設計,設計助理
私立大同大學,應用外語系,業務助理,行政人員,飯店工作人員
私立大同大學,數位媒體設計學系,平面設計／美編人員,網頁設計師,美術設計
私立大同大學,工業設計學系,工業設計,平面設計／美編人員,設計助理
私立大同大學,資訊經營學系,軟體設計工程師,資訊助理人員,其他資訊專業人員
私立大同大學,事業經營學系,國內業務人員,行政人員,業務助理
私立大同大學,應用數學系,行政人員,國內業務人員,軟體設計工程師
私立大同大學,電機工程學系,硬體研發工程師,軟體設計工程師,電子工程師
私立大同大學,資訊工程學系,軟體設計工程師,韌體設計工程師,門市／店員／專櫃人員
私立大同大學,機械工程學系,機構工程師,研究助理,機械工程師
私立大同大學,化學工程學系,生產技術／製程工程師,國內業務人員,實驗化驗人員
私立大同大學,材料工程學系,助理工程師,國內業務人員,生產技術／製程工程師
私立大同大學,生物工程學系,研究助理,生物科技研發人員,行政人員
私立臺北醫學大學,醫務管理學系,醫院行政管理人員,行政人員,行銷企劃人員
私立臺北醫學大學,醫學系,醫師,麻醉醫師,數位IC設計工程師
私立臺北醫學大學,公共衛生學系,研究助理,行政人員,行政助理
私立臺北醫學大學,藥學系,藥師,醫藥業務代表,其他醫療從業人員
私立臺北醫學大學,保健營養學系,營養師,研究助理,門市／店員／專櫃人員
私立臺北醫學大學,護理學系,護理師及護士,研究助理,專科護理師
私立臺北醫學大學,呼吸治療學系,呼吸治療師,護理師及護士,研究助理
私立臺北醫學大學,學士後護理學系,護理師及護士,業務助理,NULL
私立臺北醫學大學,醫學檢驗生物技術學系,醫事檢驗師,研究助理,護理師及護士
私立臺北醫學大學,牙醫學系,牙醫師,醫師,NULL
私立臺北醫學大學,牙體技術系,其他醫療人員,牙體技術師,醫事檢驗師
私立臺北醫學大學,口腔衛生學系,牙醫助理,護理師及護士,其他醫療人員
私立臺北醫學大學,高齡健康管理學系,護理師及護士,其他醫療從業人員,研究助理
臺北市立大學,教育學系,國小學校教師,安親班老師,行政人員
臺北市立大學,英語教學系,國小學校教師,門市／店員／專櫃人員,飯店工作人員
臺北市立大學,體育學系,運動教練,門市／店員／專櫃人員,國內業務人員
臺北市立大學,幼兒教育學系,幼教班老師,門市／店員／專櫃人員,行政人員
臺北市立大學,特殊教育學系,特殊教育教師,門市／店員／專櫃人員,業務助理
臺北市立大學,學習與媒材設計學系,平面設計／美編人員,網頁設計師,影片製作技術人員
臺北市立大學,音樂學系,國小學校教師,音樂老師,門市／店員／專櫃人員
臺北市立大學,舞蹈學系,門市／店員／專櫃人員,舞蹈指導與舞蹈家,行政人員
臺北市立大學,視覺藝術學系,平面設計／美編人員,美術設計,門市／店員／專櫃人員
臺北市立大學,國文學系,門市／店員／專櫃人員,文編／校對／文字工作者,行政人員
臺北市立大學,歷史與地理學系,門市／店員／專櫃人員,國小學校教師,行政助理
臺北市立大學,心理與諮商學系,門市／店員／專櫃人員,行政人員,人力資源人員
臺北市立大學,社會暨公共事務學系,門市／店員／專櫃人員,行政人員,行政助理
臺北市立大學,都會產業經營與行銷學系,NULL,NULL,NULL
臺北市立大學,應用物理暨化學系,門市／店員／專櫃人員,活動企劃人員,研究助理
臺北市立大學,地球環境暨生物資源學系,行銷企劃人員,門市／店員／專櫃人員,飯店工作人員
臺北市立大學,數學系,補習班導師／管理人員,其他資訊專業人員,數理補習班老師
臺北市立大學,資訊科學學系,軟體設計工程師,Internet程式設計師,門市／店員／專櫃人員
臺北市立大學,衛生福利研究所,其他醫療從業人員,語文補習班老師,NULL
臺北市立大學,球類運動學系,運動教練,門市／店員／專櫃人員,餐飲服務生
臺北市立大學,陸上運動學系,運動教練,救生員,餐飲服務生
臺北市立大學,水上運動學系,運動教練,門市／店員／專櫃人員,救生員
臺北市立大學,技擊運動學系,運動教練,餐飲服務生,門市／店員／專櫃人員
臺北市立大學,運動健康科學系,運動教練,門市／店員／專櫃人員,調酒師／吧台人員
臺北市立大學,休閒運動與管理學系,運動教練,門市／店員／專櫃人員,行政人員
臺北市立大學,運動藝術學系,門市／店員／專櫃人員,活動企劃人員,行政人員
國立臺北大學,國文學系,行政人員,文編／校對／文字工作者,行銷企劃人員
國立臺北大學,應用外語系,國外業務人員,語文補習班老師,業務助理
國立臺北大學,史學系,行政助理,行政人員,研究助理
國立臺北大學,經濟學系,銀行辦事員,業務助理,國內業務人員
國立臺北大學,社會學系,門市／店員／專櫃人員,行政人員,行銷企劃人員
國立臺北大學,公共行政與政策學系,行政人員,行政助理,行銷企劃人員
國立臺北大學,會計與資訊科技學系,查帳／審計人員,記帳／出納／一般會計,財務會計助理
國立臺北大學,企業管理學系,國內業務人員,業務助理,行政人員
國立臺北大學,金融與合作經營學系,銀行辦事員,行政人員,業務助理
國立臺北大學,財政學系,查帳／審計人員,記帳／出納／一般會計,銀行辦事員
國立臺北大學,不動產與城鄉環境學系,行政人員,都市／交通規劃人員,不動產產權審核／估價師
國立臺北大學,法律學系,法務人員,法務助理,行政人員
國立臺北大學,統計科學學系,行政人員,銀行辦事員,記帳／出納／一般會計
國立臺北大學,電機工程學系,軟體設計工程師,助理工程師,助教
國立臺北大學,資訊工程學系,軟體設計工程師,資訊助理人員,行政人員
國立臺北大學,通訊學系,生管,資訊助理人員,通訊軟體工程師
國立臺北大學,社會工作學系,社工人員,行政人員,行政助理
國立臺北大學,休閒運動與管理學系,飯店工作人員,行銷企劃人員,門市／店員／專櫃人員
國立臺灣藝術大學,美術學系,平面設計／美編人員,美術設計,美術老師
國立臺灣藝術大學,書畫藝術學系,平面設計／美編人員,美術老師,行政人員
國立臺灣藝術大學,雕塑學系,美術設計,美術老師,行政人員
國立臺灣藝術大學,工藝設計學系,平面設計／美編人員,美術設計,門市／店員／專櫃人員
國立臺灣藝術大學,音樂學系,音樂老師,行政人員,門市／店員／專櫃人員
國立臺灣藝術大學,中國音樂學系,音樂老師,行政人員,餐飲服務生
國立臺灣藝術大學,戲劇學系,門市／店員／專櫃人員,行政人員,餐飲服務生
國立臺灣藝術大學,舞蹈學系,其他才藝類老師,舞蹈指導與舞蹈家,門市／店員／專櫃人員
國立臺灣藝術大學,電影學系,影片製作技術人員,門市／店員／專櫃人員,節目製作人員
國立臺灣藝術大學,古蹟藝術修護學系,門市／店員／專櫃人員,行政人員,平面設計／美編人員
國立臺灣藝術大學,多媒體動畫藝術學系,多媒體動畫設計師,平面設計／美編人員,美術設計
國立臺灣藝術大學,視覺設計學系,平面設計／美編人員,美術設計,商業設計
國立臺灣藝術大學,廣播電視學系,節目製作人員,門市／店員／專櫃人員,影片製作技術人員
國立臺灣藝術大學,圖文傳播學系,平面設計／美編人員,行銷企劃人員,門市／店員／專櫃人員
私立輔仁大學,體育學系,運動教練,門市／店員／專櫃人員,國內業務人員
私立輔仁大學,美術學系,平面設計／美編人員,室內設計／裝潢人員,設計助理
私立輔仁大學,音樂學系,行銷企劃人員,行政人員,調酒師／吧台人員
私立輔仁大學,國文學系,行政人員,行政助理,門市／店員／專櫃人員
私立輔仁大學,英國語文學系,國外業務人員,業務助理,行政人員
私立輔仁大學,法國語文學系,國外業務人員,業務助理,行政人員
私立輔仁大學,德語語文學系,行政人員,業務助理,國外業務人員
私立輔仁大學,西班牙語文學系,國外業務人員,業務助理,門市／店員／專櫃人員
私立輔仁大學,日本語文學系,業務助理,門市／店員／專櫃人員,國外業務人員
私立輔仁大學,義大利語文學系,國外業務人員,門市／店員／專櫃人員,業務助理
私立輔仁大學,宗教學系,門市／店員／專櫃人員,行政人員,國內業務人員
私立輔仁大學,天主教研修學位學程,文編／校對／文字工作者,餐飲服務生,其他醫療從業人員
私立輔仁大學,史學系,行政人員,門市／店員／專櫃人員,行政助理
私立輔仁大學,哲學系,門市／店員／專櫃人員,行政人員,國內業務人員
私立輔仁大學,經濟學系,國內業務人員,行政人員,銀行辦事員
私立輔仁大學,社會學系,行政人員,門市／店員／專櫃人員,業務助理
私立輔仁大學,心理學系,人力資源人員,行政人員,門市／店員／專櫃人員
私立輔仁大學,臨床心理學系,研究助理,社工人員,國內業務人員
私立輔仁大學,新聞傳播學系,記者／採編,行銷企劃人員,文編／校對／文字工作者
私立輔仁大學,影像傳播學系,行銷企劃人員,影片製作技術人員,節目製作人員
私立輔仁大學,圖書資訊學系,圖書資料管理人員,行政人員,門市／店員／專櫃人員
私立輔仁大學,廣告傳播學系,行銷企劃人員,廣告文案／企劃,網站行銷企劃
私立輔仁大學,會計與資訊科技學系,查帳／審計人員,記帳／出納／一般會計,財務會計助理
私立輔仁大學,企業管理學系,國內業務人員,業務助理,行銷企劃人員
私立輔仁大學,金融與國際企業學系,業務助理,國外業務人員,國內業務人員
私立輔仁大學,法律學系,法務人員,法務助理,行政人員
私立輔仁大學,學士後法律學系,法務人員,其他法律專業人員,法務助理
私立輔仁大學,財經法律學系,法務人員,法務助理,行政人員
私立輔仁大學,生命科學系,研究助理,生物科技研發人員,國內業務人員
私立輔仁大學,化學系,實驗化驗人員,國內業務人員,品管／檢驗人員
私立輔仁大學,物理學系,研究助理,國內業務人員,生產技術／製程工程師
私立輔仁大學,數學系,門市／店員／專櫃人員,國內業務人員,數理補習班老師
私立輔仁大學,統計科學學系,行政人員,國內業務人員,銀行辦事員
私立輔仁大學,資訊管理學系,軟體設計工程師,Internet程式設計師,其他資訊專業人員
私立輔仁大學,電機工程學系,軟體設計工程師,助理工程師,生產技術／製程工程師
私立輔仁大學,資訊工程學系,軟體設計工程師,Internet程式設計師,資訊助理人員
私立輔仁大學,景觀設計學系,景觀設計師,室內設計／裝潢人員,設計助理
私立輔仁大學,食品科學系,品管／檢驗人員,食品研發人員,ISO／品保人員
私立輔仁大學,醫學系,醫師,電話客服類人員,國外業務人員
私立輔仁大學,公共衛生學系,研究助理,行政人員,其他醫療從業人員
私立輔仁大學,職能治療學系,職能治療師,研究助理,治療師
私立輔仁大學,營養學系,營養師,門市／店員／專櫃人員,研究助理
私立輔仁大學,護理學系,護理師及護士,其他醫療從業人員,門市／店員／專櫃人員
私立輔仁大學,呼吸治療學系,呼吸治療師,門市／店員／專櫃人員,補習班導師／管理人員
私立輔仁大學,社會工作學系,社工人員,行政人員,門市／店員／專櫃人員
私立輔仁大學,兒童與家庭學系,幼教班老師,教保員,行政人員
私立輔仁大學,餐旅行銷管理學系,飯店工作人員,餐飲服務生,門市／店員／專櫃人員
私立輔仁大學,織品服裝學系,服裝／皮包／鞋類設計,業務助理,設計助理
私立淡江大學,教育科技學系,教育訓練人員,行政人員,門市／店員／專櫃人員
私立淡江大學,國文學系,行政人員,門市／店員／專櫃人員,文編／校對／文字工作者
私立淡江大學,英文學系,國外業務人員,業務助理,語文補習班老師
私立淡江大學,法國語文學系,業務助理,門市／店員／專櫃人員,國外業務人員
私立淡江大學,德國語文學系,業務助理,國外業務人員,門市／店員／專櫃人員
私立淡江大學,西班牙語文學系,國外業務人員,業務助理,門市／店員／專櫃人員
私立淡江大學,日本語文學系,業務助理,門市／店員／專櫃人員,行政人員
私立淡江大學,俄國語文學系,國外業務人員,業務助理,門市／店員／專櫃人員
私立淡江大學,英美語言文化學系,業務助理,語文補習班老師,行政人員
私立淡江大學,史學系,門市／店員／專櫃人員,行政人員,國內業務人員
私立淡江大學,經濟學系,銀行辦事員,行政人員,業務助理
私立淡江大學,產業經濟學系,國內業務人員,行政人員,業務助理
私立淡江大學,全球政治經濟學系,國外業務人員,國內業務人員,飯店工作人員
私立淡江大學,公共行政學系,行政人員,行政助理,業務助理
私立淡江大學,外交與國際關係學系,國外業務人員,NULL,NULL
私立淡江大學,大眾傳播學系,行銷企劃人員,記者／採編,影片製作技術人員
私立淡江大學,資訊傳播工程學系,行銷企劃人員,平面設計／美編人員,活動企劃人員
私立淡江大學,圖書館學系,圖書資料管理人員,行政人員,門市／店員／專櫃人員
私立淡江大學,會計與資訊科技學系,查帳／審計人員,記帳／出納／一般會計,財務會計助理
私立淡江大學,企業管理學系,業務助理,國內業務人員,行政人員
私立淡江大學,管理學系,國內業務人員,行政人員,行銷企劃人員
私立淡江大學,國際企業學系,業務助理,國外業務人員,國內業務人員
私立淡江大學,財務金融學系,銀行辦事員,記帳／出納／一般會計,行政人員
私立淡江大學,保險學系,保險業務／經紀人,核保／保險內勤人員,銀行辦事員
私立淡江大學,化學系,實驗化驗人員,品管／檢驗人員,化工化學工程師
私立淡江大學,物理學系,生產技術／製程工程師,國內業務人員,助理工程師
私立淡江大學,數學系,門市／店員／專櫃人員,補習班導師／管理人員,國內業務人員
私立淡江大學,統計科學學系,行政人員,銀行辦事員,門市／店員／專櫃人員
私立淡江大學,資訊管理學系,軟體設計工程師,其他資訊專業人員,資訊助理人員
私立淡江大學,資訊創新與科技學系,軟體設計工程師,其他資訊專業人員,資訊助理人員
私立淡江大學,電機工程學系,硬體研發工程師,軟體設計工程師,國內業務人員
私立淡江大學,資訊工程學系,軟體設計工程師,Internet程式設計師,其他資訊專業人員
私立淡江大學,航空太空工程學系,飛機裝修工,機構工程師,熱傳工程師
私立淡江大學,機電工程學系,機構工程師,半導體設備工程師,國內業務人員
私立淡江大學,土木工程學系,工地監工／主任,營造工程師,工務人員／助理
私立淡江大學,化工與材料工程學系,生產技術／製程工程師,化工化學工程師,國內業務人員
私立淡江大學,水資源及環境工程學系,環境工程人員 / 工程師,國內業務人員,行政人員
私立淡江大學,建築學系,建築設計／繪圖人員,室內設計／裝潢人員,設計助理
私立淡江大學,國際觀光學系,飯店工作人員,餐飲服務生,OP／旅行社人員
私立淡江大學,運輸管理學系,運輸交通專業人員,國內業務人員,行政人員
國立臺灣大學,戲劇學系,行政人員,行銷企劃人員,燈光／音響師
國立臺灣大學,國文學系,文編／校對／文字工作者,行政人員,行銷企劃人員
國立臺灣大學,外國語文學系,國外業務人員,行政人員,行銷企劃人員
國立臺灣大學,日本語文學系,行銷企劃人員,國外業務人員,國內業務人員
國立臺灣大學,史學系,行政人員,文編／校對／文字工作者,行銷企劃人員
國立臺灣大學,人類學系,研究助理,行政人員,行政助理
國立臺灣大學,哲學系,行政人員,國內業務人員,行銷企劃人員
國立臺灣大學,經濟學系,金融研究員,行銷企劃人員,研究助理
國立臺灣大學,政治學系,行銷企劃人員,行政人員,國內業務人員
國立臺灣大學,社會學系,行政人員,行銷企劃人員,研究助理
國立臺灣大學,心理學系,人力資源人員,研究助理,行銷企劃人員
國立臺灣大學,地理環境資源學系,行政人員,研究助理,行銷企劃人員
國立臺灣大學,圖書資訊學系,圖書資料管理人員,其他專案管理師,行銷企劃人員
國立臺灣大學,會計與資訊科技學系,查帳／審計人員,財務分析／財務人員,記帳／出納／一般會計
國立臺灣大學,工商管理學系,行銷企劃人員,其他專案管理師,國內業務人員
國立臺灣大學,國際企業學系,行銷企劃人員,市場調查／市場分析,國外業務人員
國立臺灣大學,財務金融學系,金融研究員,財務分析／財務人員,銀行辦事員
國立臺灣大學,法律學系,法務人員,律師,其他法律專業人員
國立臺灣大學,生命科學系,研究助理,生物學專業與研究,醫藥研發人員
國立臺灣大學,昆蟲學系,研究助理,行政助理,產品企劃開發人員
國立臺灣大學,生化科技學系,生物科技研發人員,研究助理,國外業務人員
國立臺灣大學,化學系,研究助理,化學相關研究員,國內業務人員
國立臺灣大學,地質學系,研究助理,地質與地球科學研究員,國內業務人員
國立臺灣大學,物理學系,研究助理,物理相關研究員,演算法開發工程師
國立臺灣大學,大氣科學系,行政人員,研究助理,安親班老師
國立臺灣大學,數學系,統計精算人員,軟體設計工程師,數理補習班老師
國立臺灣大學,資訊管理學系,軟體設計工程師,其他資訊專業人員,顧問人員
國立臺灣大學,電機工程學系,軟體設計工程師,研究助理,硬體研發工程師
國立臺灣大學,資訊工程學系,軟體設計工程師,研究助理,其他資訊專業人員
國立臺灣大學,機械工程學系,機構工程師,機械工程師,生產技術／製程工程師
國立臺灣大學,生物機電工程學系,軟體設計工程師,研究助理,國內業務人員
國立臺灣大學,土木工程學系,土木技師／土木工程師,工地監工／主任,結構技師／結構工程師
國立臺灣大學,生物環境工程學系,研究助理,產品行銷人員,行政人員
國立臺灣大學,化學工程學系,化工化學工程師,研究助理,生產技術／製程工程師
國立臺灣大學,材料科學學系,生產技術／製程工程師,研究助理,半導體製程工程師
國立臺灣大學,工程科學學系,軟體設計工程師,助教,志願役軍官／士官／士兵
國立臺灣大學,農藝學系,農藝作物栽培工作者,研究助理,農藝／畜產研究人員
國立臺灣大學,動物科學學系,一般動物飼育工作者,國內業務人員,活動企劃人員
國立臺灣大學,園藝暨景觀學系,景觀設計師,其他專案管理師,建築設計／繪圖人員
國立臺灣大學,植物病理學系,研究助理,生物科技研發人員,農藝作物栽培工作者
國立臺灣大學,農業經濟學系,國內業務人員,行銷企劃人員,研究助理
國立臺灣大學,生物產業傳播暨發展學系,行銷企劃人員,行政人員,活動企劃人員
國立臺灣大學,農業化學系,研究助理,國內業務人員,國外業務人員
國立臺灣大學,森林環境暨資源學系,研究助理,行政人員,國內業務人員
國立臺灣大學,獸醫學系,獸醫師,研究助理,一般動物飼育工作者
國立臺灣大學,醫學系,醫師,醫療設備控制人員,顧問人員
國立臺灣大學,公共衛生學系,研究助理,行政人員,公家機關相關人員
國立臺灣大學,藥學系,藥師,醫藥業務代表,其他醫療從業人員
國立臺灣大學,物理治療系,物理治療師,研究助理,行政助理
國立臺灣大學,職能治療學系,職能治療師,研究助理,國內業務人員
國立臺灣大學,護理學系,護理師及護士,研究助理,其他醫療人員
國立臺灣大學,醫學檢驗生物技術學系,研究助理,醫事檢驗師,其他醫療從業人員
國立臺灣大學,牙醫學系,牙醫師,NULL,NULL
國立臺灣大學,社會工作學系,社工人員,行政人員,研究助理
私立華梵大學,美術與文創學系,平面設計／美編人員,門市／店員／專櫃人員,行政人員
私立華梵大學,國文學系,門市／店員／專櫃人員,行政人員,電話客服類人員
私立華梵大學,外國語文學系,門市／店員／專櫃人員,行政人員,語文補習班老師
私立華梵大學,哲學系,門市／店員／專櫃人員,行政人員,行政助理
私立華梵大學,工業設計學系,工業設計,平面設計／美編人員,設計助理
私立華梵大學,資訊管理學系,門市／店員／專櫃人員,行政人員,行政助理
私立華梵大學,電子學系,門市／店員／專櫃人員,助理工程師,國內業務人員
私立華梵大學,機電工程學系,助理工程師,機械設計／繪圖人員,機構工程師
私立華梵大學,工業工程與經營資訊學系,門市／店員／專櫃人員,行政助理,國內業務人員
私立華梵大學,建築學系,建築設計／繪圖人員,室內設計／裝潢人員,工地監工／主任
私立華梵大學,環境與防災設計學系,門市／店員／專櫃人員,行政人員,工務人員／助理
私立真理大學(淡水工商),音樂應用學系,行政人員,門市／店員／專櫃人員,行政助理
私立真理大學(淡水工商),臺灣文學系,門市／店員／專櫃人員,行政人員,行政助理
私立真理大學(淡水工商),應用外語系,行政助理,門市／店員／專櫃人員,飯店工作人員
私立真理大學(淡水工商),英美文學系,門市／店員／專櫃人員,業務助理,行政人員
私立真理大學(淡水工商),應用日語學系,門市／店員／專櫃人員,行政人員,業務助理
私立真理大學(淡水工商),宗教文化與組織管理學系,門市／店員／專櫃人員,行政人員,餐飲服務生
私立真理大學(淡水工商),人文與資訊學系,門市／店員／專櫃人員,餐飲服務生,行政助理
私立真理大學(淡水工商),經濟學系,行政人員,門市／店員／專櫃人員,國內業務人員
私立真理大學(淡水工商),會計與資訊科技學系,記帳／出納／一般會計,查帳／審計人員,財務會計助理
私立真理大學(淡水工商),企業管理學系,門市／店員／專櫃人員,行政人員,國內業務人員
私立真理大學(淡水工商),國際貿易暨商務學系,門市／店員／專櫃人員,業務助理,行政人員
私立真理大學(淡水工商),財務金融學系,銀行辦事員,記帳／出納／一般會計,行政人員
私立真理大學(淡水工商),財政稅務學系,記帳／出納／一般會計,門市／店員／專櫃人員,財務會計助理
私立真理大學(淡水工商),工業管理學系,門市／店員／專櫃人員,國內業務人員,業務助理
私立真理大學(淡水工商),法律學系,法務人員,法務助理,門市／店員／專櫃人員
私立真理大學(淡水工商),財務與精算學系,保險業務／經紀人,國內業務人員,行政人員
私立真理大學(淡水工商),資訊管理學系,門市／店員／專櫃人員,行政人員,軟體設計工程師
私立真理大學(淡水工商),資訊工程學系,軟體設計工程師,門市／店員／專櫃人員,系統維護／操作人員
私立真理大學(淡水工商),餐旅行銷管理學系,餐飲服務生,門市／店員／專櫃人員,飯店工作人員
私立真理大學(淡水工商),觀光事業學系,門市／店員／專櫃人員,OP／旅行社人員,餐飲服務生
私立真理大學(淡水工商),觀光數位知識學系,門市／店員／專櫃人員,OP／旅行社人員,餐飲服務生
私立真理大學(淡水工商),休閒遊憩學系,門市／店員／專櫃人員,OP／旅行社人員,行政人員
私立真理大學(淡水工商),生態觀光經營學系,行政人員,餐飲服務生,補習班導師／管理人員
私立真理大學(淡水工商),運動健康休閒學系,門市／店員／專櫃人員,運動教練,行政助理
私立真理大學(淡水工商),運動管理學系,門市／店員／專櫃人員,國內業務人員,行政人員
私立真理大學(淡水工商),運動資訊傳播學系,門市／店員／專櫃人員,國內業務人員,行政人員
私立真理大學(淡水工商),航空運輸管理學系,門市／店員／專櫃人員,行政人員,飯店工作人員
國立宜蘭大學,外國語文學系,語文補習班老師,業務助理,行政人員
國立宜蘭大學,應用經濟與管理學系,行政人員,門市／店員／專櫃人員,記帳／出納／一般會計
國立宜蘭大學,電機工程學系,電機工程技術員,生產設備工程師,助理工程師
國立宜蘭大學,電子學系,電子工程師,助理工程師,軟體設計工程師
國立宜蘭大學,資訊工程學系,系統維護／操作人員,軟體設計工程師,門市／店員／專櫃人員
國立宜蘭大學,機電工程學系,機械設計／繪圖人員,助理工程師,機構工程師
國立宜蘭大學,生物機電工程學系,生產設備工程師,機構工程師,門市／店員／專櫃人員
國立宜蘭大學,土木工程學系,營造工程師,工地監工／主任,工務人員／助理
國立宜蘭大學,化工與材料工程學系,生產技術／製程工程師,化工化學工程師,實驗化驗人員
國立宜蘭大學,環境工程學系,環境工程人員 / 工程師,行政助理,門市／店員／專櫃人員
國立宜蘭大學,生物技術與動物科學系,一般動物飼育工作者,門市／店員／專櫃人員,研究助理
國立宜蘭大學,園藝學系,門市／店員／專櫃人員,花藝／園藝人員,農藝作物栽培工作者
國立宜蘭大學,食品科學系,品管／檢驗人員,門市／店員／專櫃人員,食品研發人員
國立宜蘭大學,森林暨自然保育學系,門市／店員／專櫃人員,行政人員,研究助理
國立宜蘭大學,休閒產業與健康促進學系,門市／店員／專櫃人員,飯店工作人員,餐飲服務生
私立佛光大學,中國文學與應用學系,行政助理,船務／押匯／報關人員,門市／店員／專櫃人員
私立佛光大學,外國語文學系,門市／店員／專櫃人員,餐飲服務生,行政助理
私立佛光大學,佛教學系,行政人員,門市／店員／專櫃人員,店長／賣場管理人員
私立佛光大學,史學系,門市／店員／專櫃人員,餐飲服務生,行政助理
私立佛光大學,哲學系,門市／店員／專櫃人員,行政人員,電話客服類人員
私立佛光大學,文化資產與創意學系,門市／店員／專櫃人員,行政人員,行政助理
私立佛光大學,產品與媒體設計學系,平面設計／美編人員,門市／店員／專櫃人員,設計助理
私立佛光大學,應用經濟系,門市／店員／專櫃人員,行政助理,記帳／出納／一般會計
私立佛光大學,社會學系,社工人員,門市／店員／專櫃人員,行政助理
私立佛光大學,未來與樂活產業學系,門市／店員／專櫃人員,行政人員,國內業務人員
私立佛光大學,心理學系,餐飲服務生,門市／店員／專櫃人員,行政助理
私立佛光大學,公共事務學系,門市／店員／專櫃人員,行政人員,行政助理
私立佛光大學,傳播學系,門市／店員／專櫃人員,節目製作人員,行銷企劃人員
私立佛光大學,管理學系,國內業務人員,業務助理,保險業務／經紀人
私立佛光大學,資訊科技應用學系,門市／店員／專櫃人員,行政人員,軟體設計工程師
私立佛光大學,健康與創意素食產業學系,門市／店員／專櫃人員,餐飲服務生,餐廚助手
國立臺灣海洋大學,海洋觀光管理學位學程,NULL,NULL,NULL
國立臺灣海洋大學,海洋法政學位學程,理賠人員,NULL,NULL
國立臺灣海洋大學,生命科學暨生物科技學系,生物科技研發人員,品管／檢驗人員,行政人員
國立臺灣海洋大學,海洋生物科技暨資源系,電話客服類人員,系統維護／操作人員,產品維修人員
國立臺灣海洋大學,海洋環境資訊系,環境工程人員 / 工程師,軟體設計工程師,餐飲服務生
國立臺灣海洋大學,電機工程學系,硬體研發工程師,半導體設備工程師,助理工程師
國立臺灣海洋大學,資訊工程學系,軟體設計工程師,Internet程式設計師,其他資訊專業人員
國立臺灣海洋大學,通訊與導航工程學系,國內業務人員,軟韌體測試工程師,RF通訊工程師
國立臺灣海洋大學,系統工程暨造船學系,機械設計／繪圖人員,機構工程師,其他特殊工程師
國立臺灣海洋大學,輪機工程學系,船長／大副／船員,生產設備工程師,其他機械操作員
國立臺灣海洋大學,機電工程學系,機構工程師,機械工程師,機械設計／繪圖人員
國立臺灣海洋大學,河海工程學系,工地監工／主任,營造工程師,土木技師／土木工程師
國立臺灣海洋大學,食品科學系,品管／檢驗人員,門市／店員／專櫃人員,食品研發人員
國立臺灣海洋大學,環境生物與漁業科學學系,門市／店員／專櫃人員,行政人員,研究助理
國立臺灣海洋大學,水產養殖學系,水產養殖工作者,門市／店員／專櫃人員,研究助理
國立臺灣海洋大學,航運管理學系,船務／押匯／報關人員,國內業務人員,行政人員
國立臺灣海洋大學,運輸科學系,運輸交通專業人員,行政人員,國內業務人員
國立臺灣海洋大學,商船學系,船長／大副／船員,運輸交通專業人員,船務／押匯／報關人員
國立中央大學,國文學系,文編／校對／文字工作者,行政人員,行銷企劃人員
國立中央大學,英美文學系,國外業務人員,業務助理,行銷企劃人員
國立中央大學,法國語文學系,國外業務人員,業務助理,行政人員
國立中央大學,經濟學系,銀行辦事員,國外業務人員,國內業務人員
國立中央大學,客家語文暨社會科學學系,業務助理,客戶服務主管,門市／店員／專櫃人員
國立中央大學,企業管理學系,行銷企劃人員,業務助理,國外業務人員
國立中央大學,財務金融學系,查帳／審計人員,銀行辦事員,財務分析／財務人員
國立中央大學,生命科學系,研究助理,生物科技研發人員,行政人員
國立中央大學,化學系,生產技術／製程工程師,材料研發人員,實驗化驗人員
國立中央大學,地球科學系,門市／店員／專櫃人員,行政人員,行政助理
國立中央大學,物理學系,研究助理,軟體設計工程師,生產技術／製程工程師
國立中央大學,大氣科學系,研究助理,氣象相關研究員,行政人員
國立中央大學,數學系,軟體設計工程師,數理補習班老師,國內業務人員
國立中央大學,資訊管理學系,軟體設計工程師,Internet程式設計師,其他資訊專業人員
國立中央大學,電機工程學系,硬體研發工程師,軟體設計工程師,國內業務人員
國立中央大學,光電工程學系,光電工程師,生產技術／製程工程師,國內業務人員
國立中央大學,資訊工程學系,軟體設計工程師,Internet程式設計師,電玩程式設計師
國立中央大學,通訊學系,軟體設計工程師,軟韌體測試工程師,電子工程師
國立中央大學,機械工程學系,機構工程師,機械工程師,機械設計／繪圖人員
國立中央大學,土木工程學系,營造工程師,土木技師／土木工程師,工地監工／主任
國立中央大學,化工與材料工程學系,生產技術／製程工程師,化工化學工程師,材料研發人員
國立體育大學,球類運動學系,運動教練,門市／店員／專櫃人員,中等學校教師
國立體育大學,陸上運動學系,運動教練,中等學校教師,餐飲服務生
國立體育大學,技擊運動學系,運動教練,中等學校教師,作業員／包裝員
國立體育大學,運動保健學系,運動教練,門市／店員／專櫃人員,其他醫療從業人員
國立體育大學,休閒產業管理學系,門市／店員／專櫃人員,行政人員,餐飲服務生
國立體育大學,體育推廣學系,運動教練,行政人員,門市／店員／專櫃人員
國立體育大學,適應體育學系,運動教練,中等學校教師,門市／店員／專櫃人員
私立中原大學,特殊教育學系,特殊教育教師,行政人員,門市／店員／專櫃人員
私立中原大學,華語學系,門市／店員／專櫃人員,行政人員,語文補習班老師
私立中原大學,應用外國語文學系,業務助理,語文補習班老師,國外業務人員
私立中原大學,設計科學創作研究所,餐飲服務生,保全技術人員,業務助理
私立中原大學,商業設計學系,平面設計／美編人員,商業設計,美術設計
私立中原大學,室內設計學系,室內設計／裝潢人員,設計助理,建築設計／繪圖人員
私立中原大學,心理學系,社工人員,行政人員,門市／店員／專櫃人員
私立中原大學,會計與資訊科技學系,查帳／審計人員,記帳／出納／一般會計,行政人員
私立中原大學,企業管理學系,行政人員,業務助理,國內業務人員
私立中原大學,國際經營與貿易學系,業務助理,國外業務人員,國內業務人員
私立中原大學,財務金融學系,銀行辦事員,記帳／出納／一般會計,保險業務／經紀人
私立中原大學,財經法律學系,法務人員,法務助理,行政人員
私立中原大學,生物科技學系,門市／店員／專櫃人員,研究助理,行政人員
私立中原大學,化學系,生產技術／製程工程師,實驗化驗人員,化工化學工程師
私立中原大學,物理學系,生產技術／製程工程師,助理工程師,光電工程師
私立中原大學,應用數學系,行政人員,補習班導師／管理人員,餐飲服務生
私立中原大學,資訊管理學系,軟體設計工程師,行政人員,Internet程式設計師
私立中原大學,電機工程學系,硬體研發工程師,生產技術／製程工程師,生產設備工程師
私立中原大學,電子學系,電子工程師,硬體研發工程師,IC封裝／測試工程師
私立中原大學,資訊工程學系,軟體設計工程師,Internet程式設計師,其他資訊專業人員
私立中原大學,機械工程學系,機構工程師,機械工程師,機械設計／繪圖人員
私立中原大學,土木工程學系,工地監工／主任,營造工程師,工務人員／助理
私立中原大學,化學工程學系,生產技術／製程工程師,化工化學工程師,品管／品保工程師
私立中原大學,工業與系統工程學系,工業工程師／生產線規劃,生管,品管／品保工程師
私立中原大學,環境工程學系,環境工程人員 / 工程師,門市／店員／專櫃人員,行政人員
私立中原大學,生物醫學工程學系,國內業務人員,其他醫療從業人員,研究助理
私立中原大學,建築學系,建築設計／繪圖人員,室內設計／裝潢人員,設計助理
私立中原大學,景觀學系,景觀設計師,建築設計／繪圖人員,室內設計／裝潢人員
私立長庚大學,工業設計學系,工業設計,平面設計／美編人員,設計助理
私立長庚大學,工商管理學系,國內業務人員,行銷企劃人員,業務助理
私立長庚大學,醫務管理學系,醫院行政管理人員,行政人員,行政助理
私立長庚大學,生物醫學學系,研究助理,生物科技研發人員,國內業務人員
私立長庚大學,資訊管理學系,軟體設計工程師,Internet程式設計師,其他資訊專業人員
私立長庚大學,電機工程學系,軟體設計工程師,研究助理,國內業務人員
私立長庚大學,電子學系,電子工程師,研究助理,國內業務人員
私立長庚大學,資訊工程學系,軟體設計工程師,Internet程式設計師,軟韌體測試工程師
私立長庚大學,機械工程學系,機械設計／繪圖人員,品管／檢驗人員,機構工程師
私立長庚大學,化工與材料工程學系,研究助理,生產技術／製程工程師,化工化學工程師
私立長庚大學,醫學系,醫師,其他醫療人員,餐飲服務生
私立長庚大學,中醫學系,醫師,中醫師,門市／店員／專櫃人員
私立長庚大學,物理治療系,物理治療師,研究助理,呼吸治療師
私立長庚大學,職能治療學系,職能治療師,研究助理,其他醫療從業人員
私立長庚大學,護理學系,護理師及護士,研究助理,其他醫療人員
私立長庚大學,呼吸治療學系,呼吸治療師,助教,護理師及護士
私立長庚大學,學士後護理學系,護理師及護士,醫院行政管理人員,總務人員
私立長庚大學,醫學生物技術學系,醫事檢驗師,研究助理,門市／店員／專櫃人員
私立長庚大學,醫學影像暨放射科學學系,醫事放射師,研究助理,國內業務人員
私立元智大學,藝術與設計學系,平面設計／美編人員,設計助理,室內設計／裝潢人員
私立元智大學,國文學系,門市／店員／專櫃人員,行政人員,安親班老師
私立元智大學,應用外語系,國外業務人員,業務助理,行政人員
私立元智大學,社會暨政策科學學系,行政人員,社工人員,門市／店員／專櫃人員
私立元智大學,資訊傳播工程學系,平面設計／美編人員,行銷企劃人員,網頁設計師
私立元智大學,資訊管理學系,軟體設計工程師,MIS程式設計師,Internet程式設計師
私立元智大學,電機工程學系,硬體研發工程師,軟體設計工程師,電子工程師
私立元智大學,光電工程學系,光電工程師,半導體工程師,半導體製程工程師
私立元智大學,資訊工程學系,軟體設計工程師,Internet程式設計師,軟韌體測試工程師
私立元智大學,通訊學系,國內業務人員,硬體研發工程師,軟體設計工程師
私立元智大學,機械工程學系,機械工程師,機構工程師,生產技術／製程工程師
私立元智大學,化學工程與材料科學系,生產技術／製程工程師,化工化學工程師,實驗化驗人員
私立元智大學,工業工程與科技系統工程學系,品管／品保工程師,生管,生產技術／製程工程師
國立臺灣師範大學,教育學系,中等學校教師,安親班老師,行政助理
國立臺灣師範大學,輔導學系,中等學校教師,行政助理,行政人員
國立臺灣師範大學,公民教育與活動領導學系,中等學校教師,行政人員,業務助理
國立臺灣師範大學,華語教學學系,語文補習班老師,研究助理,人力／外勞仲介
國立臺灣師範大學,人類發展與家庭學系,中等學校教師,營養師,行政人員
國立臺灣師範大學,社會教育學系,行銷企劃人員,行政人員,活動企劃人員
國立臺灣師範大學,工業教育學系,中等學校教師,室內設計／裝潢人員,汽車／機車引擎技術人員
國立臺灣師範大學,體育學系,運動教練,中等學校教師,門市／店員／專櫃人員
國立臺灣師範大學,健康促進與衛生教育學系,中等學校教師,行政人員,社工人員
國立臺灣師範大學,特殊教育學系,特殊教育教師,中等學校教師,行政人員
國立臺灣師範大學,科技應用與人力資源發展學系,人力資源人員,國外業務人員,中等學校教師
國立臺灣師範大學,美術學系,平面設計／美編人員,中等學校教師,美術老師
國立臺灣師範大學,音樂學系,中等學校教師,行政人員,音樂老師
國立臺灣師範大學,表演藝術系,門市／店員／專櫃人員,行銷企劃人員,記者／採編
國立臺灣師範大學,臺灣語文學系,幼教班老師,國外業務人員,教育訓練人員
國立臺灣師範大學,國文學系,中等學校教師,文編／校對／文字工作者,行政人員
國立臺灣師範大學,華語學系,語文補習班老師,文編／校對／文字工作者,門市／店員／專櫃人員
國立臺灣師範大學,英語學系,中等學校教師,文編／校對／文字工作者,秘書
國立臺灣師範大學,史學系,中等學校教師,行政人員,文編／校對／文字工作者
國立臺灣師範大學,設計科學創作研究所,平面設計／美編人員,設計助理,美術設計
國立臺灣師範大學,地理學系,中等學校教師,行政人員,門市／店員／專櫃人員
國立臺灣師範大學,東亞學系,行政人員,行銷企劃人員,行政助理
國立臺灣師範大學,圖文傳播學系,平面設計／美編人員,中等學校教師,門市／店員／專櫃人員
國立臺灣師範大學,企業管理學系,行銷企劃人員,國外業務人員,門市／店員／專櫃人員
國立臺灣師範大學,生命科學系,中等學校教師,研究助理,門市／店員／專櫃人員
國立臺灣師範大學,化學系,中等學校教師,升學補習班老師,國內業務人員
國立臺灣師範大學,地球科學系,中等學校教師,研究助理,英文翻譯／口譯人員
國立臺灣師範大學,物理學系,中等學校教師,文編／校對／文字工作者,國內業務人員
國立臺灣師範大學,數學系,中等學校教師,行政人員,數理補習班老師
國立臺灣師範大學,電機工程學系,國內業務人員,軟體設計工程師,國外業務人員
國立臺灣師範大學,資訊工程學系,軟體設計工程師,Internet程式設計師,系統維護／操作人員
國立臺灣師範大學,機電工程學系,機構工程師,其他專案管理師,中等學校教師
國立臺灣師範大學,運動競技學系,運動教練,門市／店員／專櫃人員,中等學校教師
開南大學,電影創作學系,門市／店員／專櫃人員,影片製作技術人員,行銷企劃人員
開南大學,創意產業與數位電影學位學程,門市／店員／專櫃人員,平面設計／美編人員,影片製作技術人員
開南大學,華語學系,其他翻譯／口譯人員,門市／店員／專櫃人員,作業員／包裝員
開南大學,應用英語學系,門市／店員／專櫃人員,業務助理,行政助理
開南大學,應用日語學系,門市／店員／專櫃人員,行政人員,行政助理
開南大學,數位空間與商品設計學位學程,門市／店員／專櫃人員,行政人員,財務或會計主管
開南大學,公共事務學系,行政人員,門市／店員／專櫃人員,行政助理
開南大學,資訊傳播工程學系,門市／店員／專櫃人員,平面設計／美編人員,行政人員
開南大學,會計與資訊科技學系,記帳／出納／一般會計,財務會計助理,門市／店員／專櫃人員
開南大學,國際企業學系,門市／店員／專櫃人員,行政人員,國內業務人員
開南大學,企業與創業管理學系,門市／店員／專櫃人員,行政人員,行政助理
開南大學,財務金融學系,行政人員,門市／店員／專櫃人員,記帳／出納／一般會計
開南大學,行銷學系,門市／店員／專櫃人員,國內業務人員,業務助理
開南大學,健康產業管理學系,門市／店員／專櫃人員,行政人員,醫院行政管理人員
開南大學,多媒體與行動商務學系,門市／店員／專櫃人員,行政人員,作業員／包裝員
開南大學,法律學系,門市／店員／專櫃人員,行政助理,行政人員
開南大學,資訊管理學系,門市／店員／專櫃人員,作業員／包裝員,行政助理
開南大學,保健營養學系,門市／店員／專櫃人員,餐飲服務生,行政人員
開南大學,養生與健康行銷學系,門市／店員／專櫃人員,餐飲服務生,行政人員
開南大學,觀光與餐飲旅館學系,餐飲服務生,門市／店員／專櫃人員,OP／旅行社人員
開南大學,休閒管理學系,門市／店員／專櫃人員,OP／旅行社人員,餐飲服務生
開南大學,形象與健康管理學位學程,其他才藝類老師,活動企劃人員,餐廚助手
開南大學,運輸科技與管理學系,門市／店員／專櫃人員,國內業務人員,運輸交通專業人員
開南大學,物流與航運管理學系,行政人員,倉儲物流人員,門市／店員／專櫃人員
開南大學,空運管理學系,門市／店員／專櫃人員,行政人員,國內業務人員
國立清華大學,教育心理與諮商學系,人力資源人員,門市／店員／專櫃人員,行政人員
國立清華大學,教育與學習科技系,國小學校教師,安親班老師,行政助理
國立清華大學,英語教學系,國小學校教師,門市／店員／專櫃人員,語文補習班老師
國立清華大學,體育學系,門市／店員／專櫃人員,運動教練,救生員
國立清華大學,幼兒教育學系,幼教班老師,教保員,門市／店員／專櫃人員
國立清華大學,特殊教育學系,特殊教育教師,國小學校教師,行政人員
國立清華大學,音樂學系,行政人員,音樂老師,英文翻譯／口譯人員
國立清華大學,藝術與設計學系,平面設計／美編人員,美術設計,美術老師
國立清華大學,國文學系,文編／校對／文字工作者,行政人員,中等學校教師
國立清華大學,外國語文學系,國外業務人員,行政人員,秘書
國立清華大學,經濟學系,行銷企劃人員,國外業務人員,國內業務人員
國立清華大學,財務金融學系,金融研究員,財務分析／財務人員,銀行辦事員
國立清華大學,生命科學系,研究助理,行政人員,飯店或餐廳主管
國立清華大學,化學系,生產技術／製程工程師,研究助理,國內業務人員
國立清華大學,物理學系,研究助理,半導體工程師,升學補習班老師
國立清華大學,應用科學系,研究助理,數理補習班老師,行政人員
國立清華大學,數學系,升學補習班老師,軟體設計工程師,中等學校教師
國立清華大學,應用數學系,數理補習班老師,補習班導師／管理人員,國小學校教師
國立清華大學,電機工程學系,半導體工程師,軟體設計工程師,硬體研發工程師
國立清華大學,資訊工程學系,軟體設計工程師,其他資訊專業人員,電玩程式設計師
國立清華大學,機械工程學系,機構工程師,機械工程師,機械設計／繪圖人員
國立清華大學,化學工程學系,化工化學工程師,生產技術／製程工程師,半導體工程師
國立清華大學,材料科學學系,生產技術／製程工程師,半導體製程工程師,半導體工程師
國立清華大學,工業工程與科技系統工程學系,工業工程師／生產線規劃,生管,研究助理
國立清華大學,生醫工程與環境科學系,生產技術／製程工程師,研究助理,商標／專利人員
國立清華大學,工程與系統科學系,研究助理,半導體設備工程師,半導體工程師
國立清華大學,醫學科學系,研究助理,公家機關相關人員,國內業務人員
國立清華大學,環境與文化資源學系,行政人員,門市／店員／專櫃人員,行政助理
國立交通大學,外國語文學系,國外業務人員,行政人員,行銷企劃人員
國立交通大學,人文學系,行銷企劃人員,行政人員,門市／店員／專櫃人員
國立交通大學,傳播與科技學系,行銷企劃人員,記者／採編,活動企劃人員
國立交通大學,管理學系,行政人員,國外業務人員,國內業務人員
國立交通大學,資訊管理與財務金融學系,軟體設計工程師,行銷企劃人員,產品管理師
國立交通大學,生物科技學系,生物科技研發人員,行銷企劃人員,生產技術／製程工程師
國立交通大學,應用化學系,生產技術／製程工程師,國內業務人員,化學相關研究員
國立交通大學,電子物理學系,研究助理,半導體工程師,IC封裝／測試工程師
國立交通大學,應用數學系,軟體設計工程師,升學補習班老師,數理補習班老師
國立交通大學,電機工程學系,軟體設計工程師,硬體研發工程師,韌體設計工程師
國立交通大學,電子學系,軟體設計工程師,電子工程師,硬體研發工程師
國立交通大學,光電工程學系,光電工程師,半導體製程工程師,軟體設計工程師
國立交通大學,資訊工程學系,軟體設計工程師,Internet程式設計師,電玩程式設計師
國立交通大學,機械工程學系,機械工程師,機構工程師,生產技術／製程工程師
國立交通大學,土木工程學系,營造工程師,土木技師／土木工程師,研究助理
國立交通大學,材料科學學系,生產技術／製程工程師,半導體製程工程師,材料研發人員
國立交通大學,奈米科學及工程學位學程,半導體工程師,行政人員,品牌宣傳及媒體公關人員／主管
國立交通大學,工業工程與科技系統工程學系,工業工程師／生產線規劃,品管／品保工程師,生管
國立交通大學,運輸與物流管理學系,運輸交通專業人員,行銷企劃人員,其他專案管理師
私立中華大學,外國語文學系,門市／店員／專櫃人員,行政人員,業務助理
私立中華大學,應用日語學系,門市／店員／專櫃人員,餐飲服務生,飯店工作人員
私立中華大學,創新設計與管理學位學程,門市／店員／專櫃人員,平面設計／美編人員,補習班導師／管理人員
私立中華大學,工業設計學系,工業設計,門市／店員／專櫃人員,平面設計／美編人員
私立中華大學,行政管理學系,行政人員,門市／店員／專櫃人員,國內業務人員
私立中華大學,企業管理學系,門市／店員／專櫃人員,行政人員,國內業務人員
私立中華大學,國際企業學系,行政人員,門市／店員／專櫃人員,業務助理
私立中華大學,財務管理學系,記帳／出納／一般會計,銀行辦事員,門市／店員／專櫃人員
私立中華大學,國際金融管理學位學程,行政人員,銀行辦事員,餐飲服務生
私立中華大學,科技管理系,國內業務人員,門市／店員／專櫃人員,行政人員
私立中華大學,工業管理學系,品管／品保工程師,門市／店員／專櫃人員,生管
私立中華大學,營建管理學系,營造工程師,建築設計／繪圖人員,工地監工／主任
私立中華大學,生物資訊學系,門市／店員／專櫃人員,作業員／包裝員,行政助理
私立中華大學,應用統計學系,安親班老師,門市／店員／專櫃人員,作業員／包裝員
私立中華大學,資訊管理學系,軟體設計工程師,門市／店員／專櫃人員,系統維護／操作人員
私立中華大學,電機工程學系,生產設備工程師,半導體設備工程師,助理工程師
私立中華大學,電子學系,助理工程師,半導體工程師,半導體設備工程師
私立中華大學,資訊工程學系,軟體設計工程師,系統維護／操作人員,作業員／包裝員
私立中華大學,資訊學系,門市／店員／專櫃人員,系統維護／操作人員,生產管理主管
私立中華大學,機械工程學系,機構工程師,機械設計／繪圖人員,生產設備工程師
私立中華大學,光機電暨材料學系,生產設備工程師,生產技術／製程工程師,助理工程師
私立中華大學,土木工程學系,工地監工／主任,工務人員／助理,營造工程師
私立中華大學,建築都市計劃學系,建築設計／繪圖人員,都市／交通規劃人員,室內設計／裝潢人員
私立中華大學,景觀建築學系,景觀設計師,室內設計／裝潢人員,設計助理
私立中華大學,餐旅行銷管理學系,餐飲服務生,飯店工作人員,門市／店員／專櫃人員
私立中華大學,休閒遊憩規劃與管理學系,門市／店員／專櫃人員,OP／旅行社人員,餐飲服務生
私立中華大學,觀光與會議展覽學位學程,門市／店員／專櫃人員,餐飲服務生,行政人員
私立中華大學,運輸科技與管理學系,門市／店員／專櫃人員,倉管,行政人員
私立玄奘大學,影劇藝術學系,門市／店員／專櫃人員,餐飲服務生,燈光／音響師
私立玄奘大學,藝術與設計學系,門市／店員／專櫃人員,平面設計／美編人員,餐飲服務生
私立玄奘大學,國文學系,門市／店員／專櫃人員,行政人員,安親班老師
私立玄奘大學,應用外語系,門市／店員／專櫃人員,行政人員,餐飲服務生
私立玄奘大學,宗教與文化研究所,餐飲服務生,國內業務人員,門市／店員／專櫃人員
私立玄奘大學,時尚設計學系,門市／店員／專櫃人員,行銷企劃人員,服裝／皮包／鞋類設計
私立玄奘大學,視覺設計學系,平面設計／美編人員,門市／店員／專櫃人員,美術設計
私立玄奘大學,心理學系,門市／店員／專櫃人員,行政人員,社工人員
私立玄奘大學,大眾傳播學系,門市／店員／專櫃人員,行政人員,行銷企劃人員
私立玄奘大學,廣播與電視新聞學系,門市／店員／專櫃人員,影片製作技術人員,記者／採編
私立玄奘大學,圖書資訊學系,圖書資料管理人員,門市／店員／專櫃人員,行政人員
私立玄奘大學,企業管理學系,門市／店員／專櫃人員,行政人員,業務助理
私立玄奘大學,法律學系,法務助理,法務人員,行政人員
私立玄奘大學,資訊管理學系,門市／店員／專櫃人員,作業員／包裝員,行政人員
私立玄奘大學,社會工作學系,社工人員,門市／店員／專櫃人員,行政人員
私立玄奘大學,餐旅行銷管理學系,餐飲服務生,飯店工作人員,門市／店員／專櫃人員
國立聯合大學,臺灣語文學系,門市／店員／專櫃人員,行政人員,其他客戶服務人員
國立聯合大學,華語學系,門市／店員／專櫃人員,行政人員,行政助理
國立聯合大學,文化創意與數位行銷學系,品牌宣傳及媒體公關人員／主管,診所助理,NULL
國立聯合大學,工業設計學系,工業設計,平面設計／美編人員,服裝／皮包／鞋類設計
國立聯合大學,經營管理學系,行政人員,門市／店員／專櫃人員,行政助理
國立聯合大學,財務金融學系,記帳／出納／一般會計,銀行辦事員,門市／店員／專櫃人員
國立聯合大學,資訊管理學系,軟體設計工程師,Internet程式設計師,行政人員
國立聯合大學,電機工程學系,生產設備工程師,助理工程師,半導體設備工程師
國立聯合大學,電子學系,生產設備工程師,助理工程師,電子工程師
國立聯合大學,光電工程學系,生產技術／製程工程師,IC封裝／測試工程師,生產設備工程師
國立聯合大學,資訊工程學系,軟體設計工程師,作業員／包裝員,Internet程式設計師
國立聯合大學,機械工程學系,機械設計／繪圖人員,機械工程師,生產設備工程師
國立聯合大學,土木防災工程學系,工務人員／助理,工地監工／主任,營造工程師
國立聯合大學,化學工程學系,生產技術／製程工程師,實驗化驗人員,作業員／包裝員
國立聯合大學,材料科學學系,助理工程師,作業員／包裝員,品管／檢驗人員
國立聯合大學,環境與安全工程學系,職業安全衛生管理員,環境工程人員 / 工程師,職業安全衛生管理師
國立聯合大學,能源工程系,生產技術／製程工程師,作業員／包裝員,餐飲服務生
國立聯合大學,建築學系,建築設計／繪圖人員,室內設計／裝潢人員,工地監工／主任
國立聯合大學,文化觀光產業學系,門市／店員／專櫃人員,飯店工作人員,行政助理
國立中興大學,國文學系,行政人員,門市／店員／專櫃人員,行政助理
國立中興大學,外國語文學系,國外業務人員,業務助理,行政人員
國立中興大學,史學系,行政人員,門市／店員／專櫃人員,業務助理
國立中興大學,應用經濟系,業務助理,行政人員,銀行辦事員
國立中興大學,會計與資訊科技學系,查帳／審計人員,記帳／出納／一般會計,財務會計助理
國立中興大學,企業管理學系,國內業務人員,門市／店員／專櫃人員,行政助理
國立中興大學,財務金融學系,銀行辦事員,記帳／出納／一般會計,金融理財專員
國立中興大學,行銷學系,行銷企劃人員,活動企劃人員,國外業務人員
國立中興大學,法律學系,法務助理,行政人員,法務人員
國立中興大學,生命科學系,研究助理,行政人員,門市／店員／專櫃人員
國立中興大學,昆蟲學系,研究助理,行政人員,生物科技研發人員
國立中興大學,生物科技學系,門市／店員／專櫃人員,研究助理,國內業務人員
國立中興大學,化學系,生產技術／製程工程師,品管／檢驗人員,實驗化驗人員
國立中興大學,物理學系,半導體工程師,生產技術／製程工程師,網站行銷企劃
國立中興大學,應用數學系,軟體設計工程師,國內業務人員,數理補習班老師
國立中興大學,資訊管理學系,軟體設計工程師,行政人員,其他資訊專業人員
國立中興大學,電機工程學系,助理工程師,硬體研發工程師,半導體設備工程師
國立中興大學,資訊科學與工程學系,軟體設計工程師,Internet程式設計師,其他資訊專業人員
國立中興大學,機械工程學系,機械工程師,機構工程師,機械設計／繪圖人員
國立中興大學,生物機電工程學系,生產技術／製程工程師,機械工程師,半導體設備工程師
國立中興大學,土木工程學系,土木技師／土木工程師,工地監工／主任,營造工程師
國立中興大學,化學工程學系,生產技術／製程工程師,化工化學工程師,半導體製程工程師
國立中興大學,材料科學學系,研究助理,生產技術／製程工程師,半導體工程師
國立中興大學,環境工程學系,環境工程人員 / 工程師,行政助理,公家機關相關人員
國立中興大學,景觀與遊憩系,景觀設計師,建築設計／繪圖人員,網站行銷企劃
國立中興大學,農藝學系,農藝作物栽培工作者,行政人員,門市／店員／專櫃人員
國立中興大學,動物科學學系,一般動物飼育工作者,國內業務人員,門市／店員／專櫃人員
國立中興大學,園藝學系,農藝作物栽培工作者,花藝／園藝人員,門市／店員／專櫃人員
國立中興大學,植物病理學系,研究助理,生物科技研發人員,門市／店員／專櫃人員
國立中興大學,國際農企業學位學程,國外業務人員,國內業務人員,經營管理主管
國立中興大學,食品暨應用生物科技學系,食品研發人員,門市／店員／專櫃人員,品管／檢驗人員
國立中興大學,水土保持學系,水保技師／水保工程師,土木技師／土木工程師,行政人員
國立中興大學,土壤環境科學學系,研究助理,環境工程人員 / 工程師,農藝作物栽培工作者
國立中興大學,森林暨自然保育學系,門市／店員／專櫃人員,研究助理,行政人員
國立中興大學,獸醫學系,獸醫師,研究助理,病理藥理研究人員
國立臺灣體育運動大學,體育學系,運動教練,門市／店員／專櫃人員,作業員／包裝員
國立臺灣體育運動大學,舞蹈學系,門市／店員／專櫃人員,舞蹈指導與舞蹈家,行政人員
國立臺灣體育運動大學,競技運動學系,運動教練,餐飲服務生,志願役軍官／士官／士兵
國立臺灣體育運動大學,球類運動學系,運動教練,門市／店員／專櫃人員,餐飲服務生
國立臺灣體育運動大學,技擊運動學系,運動教練,保全人員／警衛,不動產經紀人
國立臺灣體育運動大學,運動健康科學系,門市／店員／專櫃人員,運動教練,餐飲服務生
國立臺灣體育運動大學,休閒運動學系,運動教練,門市／店員／專櫃人員,餐飲服務生
國立臺灣體育運動大學,運動事業經營學系,門市／店員／專櫃人員,行銷企劃人員,運動教練
國立臺灣體育運動大學,運動資訊傳播學系,門市／店員／專櫃人員,攝影助理,影片製作技術人員
國立臺中教育大學,教育學系,國小學校教師,安親班老師,行政人員
國立臺中教育大學,語文教育學系,國小學校教師,行政人員,安親班老師
國立臺中教育大學,科學教育學系,國小學校教師,行政人員,門市／店員／專櫃人員
國立臺中教育大學,數學教育學系,行政人員,國小學校教師,國內業務人員
國立臺中教育大學,體育學系,運動教練,國小學校教師,門市／店員／專櫃人員
國立臺中教育大學,幼兒教育學系,幼教班老師,行政人員,教保員
國立臺中教育大學,特殊教育學系,特殊教育教師,國小學校教師,行政人員
國立臺中教育大學,美術學系,平面設計／美編人員,美術老師,國小學校教師
國立臺中教育大學,音樂學系,國小學校教師,行政人員,音樂老師
國立臺中教育大學,臺灣語文學系,門市／店員／專櫃人員,行政人員,安親班老師
國立臺中教育大學,英語學系,國外業務人員,語文補習班老師,業務助理
國立臺中教育大學,文化創意產業設計與營運學系,平面設計／美編人員,行銷企劃人員,活動企劃人員
國立臺中教育大學,諮商與心理學系,門市／店員／專櫃人員,行政人員,行政助理
國立臺中教育大學,區域與社會發展學系,安親班老師,行政助理,門市／店員／專櫃人員
國立臺中教育大學,國際企業學系,業務助理,國外業務人員,行政人員
國立臺中教育大學,數位內容科技學系,平面設計／美編人員,網頁設計師,軟體設計工程師
國立臺中教育大學,資訊工程學系,軟體設計工程師,Internet程式設計師,MIS程式設計師
私立東海大學,美術學系,平面設計／美編人員,門市／店員／專櫃人員,美術設計
私立東海大學,音樂學系,音樂老師,門市／店員／專櫃人員,行政人員
私立東海大學,國文學系,門市／店員／專櫃人員,行政人員,安親班老師
私立東海大學,外國語文學系,國外業務人員,語文補習班老師,行政人員
私立東海大學,日本語言文化學系,業務助理,門市／店員／專櫃人員,國內業務人員
私立東海大學,史學系,門市／店員／專櫃人員,行政人員,行政助理
私立東海大學,哲學系,門市／店員／專櫃人員,行政人員,行政助理
私立東海大學,工業設計學系,工業設計,平面設計／美編人員,商業設計
私立東海大學,經濟學系,行政人員,門市／店員／專櫃人員,國內業務人員
私立東海大學,政治學系,門市／店員／專櫃人員,行政人員,國內業務人員
私立東海大學,社會學系,行政人員,門市／店員／專櫃人員,業務助理
私立東海大學,行政管理學系,行政人員,門市／店員／專櫃人員,行政助理
私立東海大學,會計與資訊科技學系,查帳／審計人員,記帳／出納／一般會計,財務會計助理
私立東海大學,企業管理學系,業務助理,國內業務人員,行政人員
私立東海大學,國際經營管理碩士含IMBA,國貿人員,行政助理,國外業務人員
私立東海大學,國際經營與貿易學系,國外業務人員,業務助理,國貿人員
私立東海大學,財務金融學系,銀行辦事員,記帳／出納／一般會計,行政人員
私立東海大學,法律學系,法務人員,法務助理,行政人員
私立東海大學,生命科學系,研究助理,生物科技研發人員,行政人員
私立東海大學,化學系,品管／檢驗人員,實驗化驗人員,生產技術／製程工程師
私立東海大學,應用物理學系,作業員／包裝員,生產技術／製程工程師,國內業務人員
私立東海大學,應用數學系,行政人員,餐飲服務生,數理補習班老師
私立東海大學,統計科學學系,行政人員,門市／店員／專櫃人員,國內業務人員
私立東海大學,資訊管理學系,軟體設計工程師,門市／店員／專櫃人員,其他資訊專業人員
私立東海大學,電機工程學系,助理工程師,半導體設備工程師,電機技師／工程師
私立東海大學,資訊工程學系,軟體設計工程師,系統維護／操作人員,Internet程式設計師
私立東海大學,化工與材料工程學系,生產技術／製程工程師,化工化學工程師,品管／檢驗人員
私立東海大學,工業工程與經營資訊學系,生管,工業工程師／生產線規劃,生產管理主管
私立東海大學,環境科學與工程學系,環境工程人員 / 工程師,門市／店員／專櫃人員,行政助理
私立東海大學,建築學系,建築設計／繪圖人員,室內設計／裝潢人員,設計助理
私立東海大學,景觀學系,景觀設計師,建築設計／繪圖人員,室內設計／裝潢人員
私立東海大學,畜產與生物科技學系,一般動物飼育工作者,國內業務人員,門市／店員／專櫃人員
私立東海大學,食品科學系,品管／檢驗人員,食品研發人員,門市／店員／專櫃人員
私立東海大學,社會工作學系,社工人員,門市／店員／專櫃人員,行政人員
私立東海大學,餐旅行銷管理學系,飯店工作人員,餐飲服務生,門市／店員／專櫃人員
國立陽明大學,生命科學系,研究助理,生物科技研發人員,餐飲服務生
國立陽明大學,生物醫學工程學系,研究助理,生物科技研發人員,電子工程師
國立陽明大學,醫學系,醫師,醫事檢驗師,研究助理
國立陽明大學,物理治療暨輔助科技學系,物理治療師,助教,研究助理
國立陽明大學,護理學系,護理師及護士,研究助理,文編／校對／文字工作者
國立陽明大學,醫學生物技術學系,醫事檢驗師,研究助理,其他醫療從業人員
國立陽明大學,醫學影像暨放射科學學系,醫事放射師,助教,研究助理
國立陽明大學,牙醫學系,牙醫師,記者／採編,NULL
國立臺北藝術大學,美術學系,平面設計／美編人員,美術設計,美術老師
國立臺北藝術大學,音樂學系,中等學校教師,行政人員,音樂老師
國立臺北藝術大學,傳統音樂學系,行政人員,音樂老師,行政助理
國立臺北藝術大學,戲劇學系,節目製作人員,行銷企劃人員,門市／店員／專櫃人員
國立臺北藝術大學,劇場設計學系,設計助理,門市／店員／專櫃人員,行政人員
國立臺北藝術大學,舞蹈學系,舞蹈指導與舞蹈家,其他才藝類老師,行政人員
國立臺北藝術大學,電影創作學系,影片製作技術人員,門市／店員／專櫃人員,平面設計／美編人員
國立臺北藝術大學,動畫學系,多媒體動畫設計師,平面設計／美編人員,美術設計
國立臺北藝術大學,新媒體藝術學系,平面設計／美編人員,行銷企劃人員,多媒體動畫設計師
私立逢甲大學,國文學系,門市／店員／專櫃人員,行政人員,行政助理
私立逢甲大學,外國語文學系,業務助理,國外業務人員,行政人員
私立逢甲大學,經濟學系,行政人員,門市／店員／專櫃人員,國內業務人員
私立逢甲大學,合作經濟暨社會事業經營學系,行政人員,記帳／出納／一般會計,業務助理
私立逢甲大學,會計與資訊科技學系,查帳／審計人員,記帳／出納／一般會計,財務會計助理
私立逢甲大學,企業管理學系,門市／店員／專櫃人員,業務助理,行政人員
私立逢甲大學,國際企業學系,國外業務人員,業務助理,國貿人員
私立逢甲大學,國際經營與貿易學系,業務助理,國貿人員,國外業務人員
私立逢甲大學,財務金融學系,銀行辦事員,記帳／出納／一般會計,門市／店員／專櫃人員
私立逢甲大學,財務工程與精算學位學程,業務助理,財務分析／財務人員,記帳／出納／一般會計
私立逢甲大學,風險管理學系,保險業務／經紀人,核保／保險內勤人員,門市／店員／專櫃人員
私立逢甲大學,財稅學系,記帳／出納／一般會計,查帳／審計人員,行政人員
私立逢甲大學,行銷學系,行銷企劃人員,門市／店員／專櫃人員,活動企劃人員
私立逢甲大學,商學與創新學位學程,行政助理,記帳／出納／一般會計,行政人員
私立逢甲大學,商學大數據分析學位學程,NULL,NULL,NULL
私立逢甲大學,應用數學系,餐飲服務生,數理補習班老師,軟體設計工程師
私立逢甲大學,統計科學學系,行政人員,門市／店員／專櫃人員,行政助理
私立逢甲大學,電機工程學系,生產設備工程師,半導體設備工程師,生產技術／製程工程師
私立逢甲大學,電子學系,半導體設備工程師,生產設備工程師,半導體工程師
私立逢甲大學,光電學系,生產技術／製程工程師,助理工程師,光電工程師
私立逢甲大學,資訊工程學系,軟體設計工程師,門市／店員／專櫃人員,Internet程式設計師
私立逢甲大學,通訊學系,生管,生產管理主管,門市／店員／專櫃人員
私立逢甲大學,自動控制工程學系,半導體設備工程師,生產設備工程師,自動控制工程師
私立逢甲大學,航太與系統工程學系,飛機裝修工,半導體設備工程師,機構工程師
私立逢甲大學,機械與電腦工程學系,機械設計／繪圖人員,機構工程師,機械工程師
私立逢甲大學,精密系統設計學位學程,室內設計／裝潢人員,機械設計／繪圖人員,作業員／包裝員
私立逢甲大學,土木工程學系,工地監工／主任,營造工程師,工務人員／助理
私立逢甲大學,化學工程學系,生產技術／製程工程師,品管／檢驗人員,化工化學工程師
私立逢甲大學,材料科學學系,生產技術／製程工程師,品管／品保工程師,半導體製程工程師
私立逢甲大學,工業工程與科技系統工程學系,生管,生產管理主管,生產技術／製程工程師
私立逢甲大學,纖維與複合材料學系,生產技術／製程工程師,紡織化學工程師,國內業務人員
私立逢甲大學,環境工程與科學學系,環境工程人員 / 工程師,研究助理,門市／店員／專櫃人員
私立逢甲大學,水利工程與資源保育學系,工務人員／助理,工地監工／主任,水利工程師
私立逢甲大學,建築學系,建築設計／繪圖人員,室內設計／裝潢人員,工務人員／助理
私立逢甲大學,土地管理學系,行政人員,行政助理,門市／店員／專櫃人員
私立逢甲大學,都市計畫與空間資訊學系,都市／交通規劃人員,門市／店員／專櫃人員,行政助理
私立逢甲大學,運輸科技與管理學系,運輸交通專業人員,國內業務人員,行政人員
私立逢甲大學,運輸與物流學系,國內業務人員,倉管,志願役軍官／士官／士兵
私立靜宜大學,臺灣文學系,門市／店員／專櫃人員,行政人員,行銷企劃人員
私立靜宜大學,國文學系,門市／店員／專櫃人員,行政人員,安親班老師
私立靜宜大學,英國語文學系,語文補習班老師,國外業務人員,業務助理
私立靜宜大學,西班牙語文學系,國外業務人員,業務助理,門市／店員／專櫃人員
私立靜宜大學,日本語文學系,門市／店員／專櫃人員,業務助理,行政人員
私立靜宜大學,寰宇外語教育學位學程,語文補習班老師,人力資源助理,國外業務主管
私立靜宜大學,大眾傳播學系,行銷企劃人員,門市／店員／專櫃人員,影片製作技術人員
私立靜宜大學,資訊傳播工程學系,門市／店員／專櫃人員,平面設計／美編人員,軟體設計工程師
私立靜宜大學,寰宇管理學位學程,國外業務人員,業務助理,國內業務人員
私立靜宜大學,會計與資訊科技學系,查帳／審計人員,記帳／出納／一般會計,行政人員
私立靜宜大學,企業管理學系,門市／店員／專櫃人員,行政人員,業務助理
私立靜宜大學,國際企業學系,業務助理,門市／店員／專櫃人員,國內業務人員
私立靜宜大學,財務金融學系,銀行辦事員,記帳／出納／一般會計,門市／店員／專櫃人員
私立靜宜大學,法律學系,門市／店員／專櫃人員,行政人員,法務助理
私立靜宜大學,生態人文學系,門市／店員／專櫃人員,行政人員,餐飲服務生
私立靜宜大學,應用化學系,品管／檢驗人員,實驗化驗人員,生產技術／製程工程師
私立靜宜大學,統計科學學系,門市／店員／專櫃人員,行政人員,安親班老師
私立靜宜大學,財務與計算數學系,門市／店員／專櫃人員,行政人員,補習班導師／管理人員
私立靜宜大學,資訊管理學系,軟體設計工程師,門市／店員／專櫃人員,國內業務人員
私立靜宜大學,資訊工程學系,軟體設計工程師,門市／店員／專櫃人員,資訊助理人員
私立靜宜大學,食品營養系,品管／檢驗人員,營養師,門市／店員／專櫃人員
私立靜宜大學,社會工作與兒童少年福利學系,社工人員,門市／店員／專櫃人員,安親班老師
私立靜宜大學,觀光事業學系,門市／店員／專櫃人員,餐飲服務生,飯店工作人員
私立靜宜大學,化粧品科學系,門市／店員／專櫃人員,美容工作者,國內業務人員
私立中山醫學大學,臺灣語文學系,行政人員,門市／店員／專櫃人員,國內業務人員
私立中山醫學大學,外國語言學系,語文補習班老師,行政人員,國外業務人員
私立中山醫學大學,心理學系,門市／店員／專櫃人員,研究助理,國內業務人員
私立中山醫學大學,醫療產業科技管理學系,醫院行政管理人員,行政人員,醫事檢驗師
私立中山醫學大學,生物醫學學系,研究助理,生物科技研發人員,國內業務人員
私立中山醫學大學,醫學應用化學系,國內業務人員,行政人員,業務助理
私立中山醫學大學,醫學系,醫師,數理補習班老師,行政人員
私立中山醫學大學,公共衛生學系,研究助理,行政人員,醫院行政管理人員
私立中山醫學大學,職業安全衛生學系,職業安全衛生管理員,職業安全衛生管理師,研究助理
私立中山醫學大學,物理治療系,物理治療師,研究助理,治療師
私立中山醫學大學,職能治療學系,職能治療師,研究助理,治療師
私立中山醫學大學,語言治療學系,語言治療師,其他醫療人員,門市／店員／專櫃人員
私立中山醫學大學,營養學系,營養師,門市／店員／專櫃人員,研究助理
私立中山醫學大學,護理學系,護理師及護士,專科護理師,其他醫療人員
私立中山醫學大學,醫學檢驗生物技術學系,醫事檢驗師,研究助理,生物科技研發人員
私立中山醫學大學,醫學影像暨放射科學學系,醫事放射師,研究助理,行政助理
私立中山醫學大學,視光學系,驗光師,門市／店員／專櫃人員,國內業務人員
私立中山醫學大學,醫學資訊學系,軟體設計工程師,資訊助理人員,其他客戶服務人員
私立中山醫學大學,牙醫學系,牙醫師,飯店或餐廳主管,行政助理
私立中山醫學大學,醫學社會與社會工作學系,社工人員,門市／店員／專櫃人員,行政人員
私立中山醫學大學,健康餐飲管理學系,餐飲服務生,門市／店員／專櫃人員,飯店工作人員
私立中國醫藥大學,健康風險管理學系,門市／店員／專櫃人員,行政人員,國內業務人員
私立中國醫藥大學,醫務管理學系,醫院行政管理人員,研究助理,門市／店員／專櫃人員
私立中國醫藥大學,生物科技學系,生物科技研發人員,國內業務人員,研究助理
私立中國醫藥大學,醫學系,醫師,營養師,法務助理
私立中國醫藥大學,中醫學系,中醫師,醫師,工地監工／主任
私立中國醫藥大學,學士後中醫學系,中醫師,文編／校對／文字工作者,醫師
私立中國醫藥大學,公共衛生學系,研究助理,醫院行政管理人員,行政人員
私立中國醫藥大學,職業安全衛生學系,職業安全衛生管理員,職業安全衛生管理師,門市／店員／專櫃人員
私立中國醫藥大學,藥學系,藥師,藥學助理,其他醫療從業人員
私立中國醫藥大學,藥用化妝品學系,生物科技研發人員,國內業務人員,門市／店員／專櫃人員
私立中國醫藥大學,中國藥學暨中藥資源學系,研究助理,品管／檢驗人員,藥學助理
私立中國醫藥大學,物理治療系,物理治療師,護理師及護士,呼吸治療師
私立中國醫藥大學,運動醫學系,運動教練,門市／店員／專櫃人員,行政助理
私立中國醫藥大學,營養學系,營養師,門市／店員／專櫃人員,研究助理
私立中國醫藥大學,護理學系,護理師及護士,專科護理師,其他醫療從業人員
私立中國醫藥大學,醫學檢驗生物技術學系,醫事檢驗師,研究助理,生物科技研發人員
私立中國醫藥大學,醫學影像暨放射科學學系,醫事放射師,研究助理,業務助理
私立中國醫藥大學,牙醫學系,牙醫師,NULL,NULL
私立中國醫藥大學,口腔衛生學系,牙醫助理,其他醫療人員,門市／店員／專櫃人員
私立亞洲大學(臺中健管),幼兒教育學系,幼教班老師,教保員,門市／店員／專櫃人員
私立亞洲大學(臺中健管),外國語文學系,門市／店員／專櫃人員,語文補習班老師,飯店工作人員
私立亞洲大學(臺中健管),時尚設計學系,門市／店員／專櫃人員,平面設計／美編人員,服裝／皮包／鞋類設計
私立亞洲大學(臺中健管),視覺設計學系,平面設計／美編人員,門市／店員／專櫃人員,行政人員
私立亞洲大學(臺中健管),數位媒體設計學系,平面設計／美編人員,門市／店員／專櫃人員,多媒體動畫設計師
私立亞洲大學(臺中健管),創意商品設計學系,平面設計／美編人員,門市／店員／專櫃人員,工業設計
私立亞洲大學(臺中健管),室內設計學系,室內設計／裝潢人員,設計助理,平面設計／美編人員
私立亞洲大學(臺中健管),心理學系,門市／店員／專櫃人員,行政人員,餐飲服務生
私立亞洲大學(臺中健管),資訊傳播工程學系,門市／店員／專櫃人員,平面設計／美編人員,行銷企劃人員
私立亞洲大學(臺中健管),會計與資訊科技學系,記帳／出納／一般會計,門市／店員／專櫃人員,查帳／審計人員
私立亞洲大學(臺中健管),經營管理學系,門市／店員／專櫃人員,行政人員,國內業務人員
私立亞洲大學(臺中健管),財務金融學系,行政人員,門市／店員／專櫃人員,餐飲服務生
私立亞洲大學(臺中健管),國際財務金融管理學位學程,國內業務主管,研究助理,金融營業員
私立亞洲大學(臺中健管),健康產業管理學系,醫院行政管理人員,門市／店員／專櫃人員,行政人員
私立亞洲大學(臺中健管),財經法律學系,門市／店員／專櫃人員,行政人員,行政助理
私立亞洲大學(臺中健管),生物科技學系,門市／店員／專櫃人員,國內業務人員,行政人員
私立亞洲大學(臺中健管),行動商務與多媒體應用學系,門市／店員／專櫃人員,餐飲服務生,平面設計／美編人員
私立亞洲大學(臺中健管),資訊工程學系,門市／店員／專櫃人員,軟體設計工程師,作業員／包裝員
私立亞洲大學(臺中健管),通訊學系,門市／店員／專櫃人員,作業員／包裝員,國內業務人員
私立亞洲大學(臺中健管),生物資訊與醫學工程學系,門市／店員／專櫃人員,行政人員,牙醫助理
私立亞洲大學(臺中健管),保健營養生技學系,門市／店員／專櫃人員,行政人員,作業員／包裝員
私立亞洲大學(臺中健管),食品營養與保健生技學系,門市／店員／專櫃人員,行政人員,美容工作者
私立亞洲大學(臺中健管),護理學系,護理師及護士,餐飲服務生,其他資訊專業人員
私立亞洲大學(臺中健管),視光學系,驗光師,電話客服類人員,其他類講師
私立亞洲大學(臺中健管),社會工作學系,社工人員,門市／店員／專櫃人員,行政人員
私立亞洲大學(臺中健管),休閒遊憩規劃與管理學系,門市／店員／專櫃人員,餐飲服務生,飯店工作人員
國立彰化師範大學,公共事務與公民教育學系,中等學校教師,門市／店員／專櫃人員,行政人員
國立彰化師範大學,工業教育學系,中等學校教師,機械設計／繪圖人員,機構工程師
國立彰化師範大學,運動學系,運動教練,中等學校教師,國小學校教師
國立彰化師範大學,特殊教育學系,特殊教育教師,餐飲服務生,麵包師
國立彰化師範大學,美術學系,中等學校教師,美術老師,平面設計／美編人員
國立彰化師範大學,國文學系,中等學校教師,門市／店員／專櫃人員,行政人員
國立彰化師範大學,英語學系,中等學校教師,業務助理,飯店工作人員
國立彰化師範大學,輔導與諮商學系,中等學校教師,社工人員,門市／店員／專櫃人員
國立彰化師範大學,地理學系,中等學校教師,安親班老師,文編／校對／文字工作者
國立彰化師範大學,會計與資訊科技學系,查帳／審計人員,記帳／出納／一般會計,財務會計助理
國立彰化師範大學,企業管理學系,行政人員,國內業務人員,人力資源人員
國立彰化師範大學,財務金融技術學系,中等學校教師,記帳／出納／一般會計,行政人員
國立彰化師範大學,生物學系,中等學校教師,門市／店員／專櫃人員,研究助理
國立彰化師範大學,化學系,中等學校教師,實驗化驗人員,品管／檢驗人員
國立彰化師範大學,物理學系,國內業務人員,半導體工程師,行政人員
國立彰化師範大學,數學系,中等學校教師,軟體設計工程師,行政人員
國立彰化師範大學,資訊管理學系,軟體設計工程師,行政人員,平面設計／美編人員
國立彰化師範大學,電機工程學系,電機技師／工程師,助理工程師,韌體設計工程師
國立彰化師範大學,電子學系,半導體工程師,半導體設備工程師,電子工程師
國立彰化師範大學,資訊工程學系,軟體設計工程師,Internet程式設計師,其他資訊專業人員
國立彰化師範大學,機電工程學系,機構工程師,助理工程師,生產設備工程師
私立大葉大學,造形藝術學系,門市／店員／專櫃人員,平面設計／美編人員,行政人員
私立大葉大學,英語學系,國外業務人員,行政人員,門市／店員／專櫃人員
私立大葉大學,應用日語學系,門市／店員／專櫃人員,飯店工作人員,餐飲服務生
私立大葉大學,歐洲語文學系,門市／店員／專櫃人員,行政人員,業務助理
私立大葉大學,文創產業國際人才學位學程,門市／店員／專櫃人員,安親班老師,行政助理
私立大葉大學,視覺設計學系,平面設計／美編人員,門市／店員／專櫃人員,設計助理
私立大葉大學,工業設計學系,工業設計,平面設計／美編人員,門市／店員／專櫃人員
私立大葉大學,綠色產品設計學位學程,餐飲服務生,門市／店員／專櫃人員,秘書
私立大葉大學,空間設計學系,建築設計／繪圖人員,室內設計／裝潢人員,設計助理
私立大葉大學,歐洲文化與旅遊學位學程,門市／店員／專櫃人員,飯店工作人員,餐飲服務生
私立大葉大學,傳播藝術系,門市／店員／專櫃人員,平面設計／美編人員,美術設計
私立大葉大學,會計與資訊科技學系,記帳／出納／一般會計,查帳／審計人員,行政人員
私立大葉大學,企業管理學系,門市／店員／專櫃人員,國內業務人員,行政人員
私立大葉大學,國際企業學系,門市／店員／專櫃人員,行政人員,業務助理
私立大葉大學,財務金融學系,行政人員,門市／店員／專櫃人員,銀行辦事員
私立大葉大學,人力資源暨公共關係學系,門市／店員／專櫃人員,人力資源人員,行政人員
私立大葉大學,生物產業科技學系,品管／檢驗人員,門市／店員／專櫃人員,作業員／包裝員
私立大葉大學,生物資源與科技學系,門市／店員／專櫃人員,作業員／包裝員,行政人員
私立大葉大學,分子生物學系,門市／店員／專櫃人員,作業員／包裝員,餐飲服務生
私立大葉大學,資訊管理學系,門市／店員／專櫃人員,行政人員,國內業務人員
私立大葉大學,多媒體數位內容學位學程,平面設計／美編人員,門市／店員／專櫃人員,多媒體動畫設計師
私立大葉大學,電機工程學系,作業員／包裝員,助理工程師,生產設備工程師
私立大葉大學,資訊工程學系,軟體設計工程師,門市／店員／專櫃人員,其他資訊專業人員
私立大葉大學,機械與自動化工程學系,機械設計／繪圖人員,作業員／包裝員,機構工程師
私立大葉大學,材料科學學系,國內業務人員,研究助理,作業員／包裝員
私立大葉大學,工業工程與科技系統工程學系,生管,作業員／包裝員,品管／檢驗人員
私立大葉大學,環境工程學系,環境工程人員 / 工程師,門市／店員／專櫃人員,行政人員
私立大葉大學,醫療器材設計與材料學位學程,安親班老師,產品維修人員,醫療器材研發工程師
私立大葉大學,藥用植物與保健學系,門市／店員／專櫃人員,診所助理,行政人員
私立大葉大學,護理學系,護理師及護士,其他類講師,藥學助理
私立大葉大學,視光學系,NULL,NULL,NULL
私立大葉大學,餐旅行銷管理學系,餐飲服務生,餐廚助手,飯店工作人員
私立大葉大學,觀光旅遊系,門市／店員／專櫃人員,餐飲服務生,飯店工作人員
私立大葉大學,休閒管理學系,門市／店員／專櫃人員,餐飲服務生,行政人員
私立大葉大學,運動健康管理學系,運動教練,門市／店員／專櫃人員,餐飲服務生
私立大葉大學,烘焙暨飲料調製學位學程,西點／蛋糕師,餐飲服務生,調酒師／吧台人員
私立大葉大學,婚禮企劃暨節慶管理學位學程,行政人員,門市／店員／專櫃人員,餐飲服務生
私立明道大學,國文學系,門市／店員／專櫃人員,安親班老師,行政助理
私立明道大學,應用英語學系,門市／店員／專櫃人員,業務助理,安親班老師
私立明道大學,應用日語學系,門市／店員／專櫃人員,行政人員,餐飲服務生
私立明道大學,造形學系,門市／店員／專櫃人員,平面設計／美編人員,服裝／皮包／鞋類設計
私立明道大學,數位內容與動畫設計學系,平面設計／美編人員,門市／店員／專櫃人員,多媒體動畫設計師
私立明道大學,資訊傳播工程學系,門市／店員／專櫃人員,作業員／包裝員,行政人員
私立明道大學,企業管理學系,門市／店員／專櫃人員,行政人員,作業員／包裝員
私立明道大學,財務金融學系,門市／店員／專櫃人員,行政人員,記帳／出納／一般會計
私立明道大學,行銷與物流學系,門市／店員／專櫃人員,行政人員,餐飲服務生
私立明道大學,生物科技學系,門市／店員／專櫃人員,品管／檢驗人員,作業員／包裝員
私立明道大學,材料與能源工程系,作業員／包裝員,倉管,儲備幹部
私立明道大學,景觀與環境設計學系,景觀設計師,門市／店員／專櫃人員,餐飲服務生
私立明道大學,精緻農業學系,農藝作物栽培工作者,門市／店員／專櫃人員,行政助理
私立明道大學,餐旅行銷管理學系,餐飲服務生,門市／店員／專櫃人員,飯店工作人員
私立明道大學,休閒保健學系,門市／店員／專櫃人員,餐飲服務生,作業員／包裝員
國立暨南國際大學,國際文教與比較教育學系,行政人員,門市／店員／專櫃人員,安親班老師
國立暨南國際大學,諮商心理與人力資源發展學系,人力資源助理,餐飲服務生,行政人員
國立暨南國際大學,教育政策與行政學系,行政人員,門市／店員／專櫃人員,安親班老師
國立暨南國際大學,國文學系,文編／校對／文字工作者,行政人員,門市／店員／專櫃人員
國立暨南國際大學,外國語文學系,國外業務人員,行政人員,業務助理
國立暨南國際大學,史學系,行政助理,行政人員,門市／店員／專櫃人員
國立暨南國際大學,經濟學系,銀行辦事員,行政人員,門市／店員／專櫃人員
國立暨南國際大學,東南亞研究所,業務助理,行銷企劃人員,作業員／包裝員
國立暨南國際大學,公共行政與政策學系,行政人員,行政助理,門市／店員／專櫃人員
國立暨南國際大學,國際企業學系,國外業務人員,行銷企劃人員,業務助理
國立暨南國際大學,財務金融學系,銀行辦事員,行政人員,門市／店員／專櫃人員
國立暨南國際大學,應用化學系,品管／檢驗人員,材料研發人員,實驗化驗人員
國立暨南國際大學,資訊管理學系,軟體設計工程師,行政人員,資訊助理人員
國立暨南國際大學,電機工程學系,業務支援工程師,自動控制工程師,行政助理
國立暨南國際大學,資訊工程學系,軟體設計工程師,韌體設計工程師,Internet程式設計師
國立暨南國際大學,土木工程學系,土木技師／土木工程師,營造工程師,工地監工／主任
國立暨南國際大學,材料及光電工程學系,半導體製程工程師,助理工程師,光電工程師
國立暨南國際大學,社會工作學系,社工人員,行政人員,門市／店員／專櫃人員
國立暨南國際大學,觀光休閒與餐旅管理學系,飯店工作人員,餐飲服務生,OP／旅行社人員
國立中正大學,成人教育學系,教育訓練人員,行政人員,人力資源人員
國立中正大學,國文學系,行政人員,門市／店員／專櫃人員,文編／校對／文字工作者
國立中正大學,外國語文學系,國外業務人員,業務助理,語文補習班老師
國立中正大學,史學系,行政人員,業務助理,門市／店員／專櫃人員
國立中正大學,哲學系,行政人員,行政助理,行銷企劃人員
國立中正大學,經濟學系,行政人員,國外業務人員,銀行辦事員
國立中正大學,政治學系,行政人員,業務助理,門市／店員／專櫃人員
國立中正大學,心理學系,研究助理,行政人員,社工人員
國立中正大學,勞工學系,人力資源人員,行政人員,人力資源助理
國立中正大學,犯罪學系,行政人員,行政助理,門市／店員／專櫃人員
國立中正大學,傳播學系,記者／採編,行銷企劃人員,影片製作技術人員
國立中正大學,會計與資訊科技學系,查帳／審計人員,記帳／出納／一般會計,稽核人員
國立中正大學,企業管理學系,行銷企劃人員,業務助理,行政人員
國立中正大學,財務金融學系,銀行辦事員,查帳／審計人員,國內業務人員
國立中正大學,法律學系,法務人員,法務助理,行政人員
國立中正大學,財經法律學系,法務助理,法務人員,行政人員
國立中正大學,生命科學系,生物科技研發人員,業務助理,門市／店員／專櫃人員
國立中正大學,化學暨生物化學系,品管／檢驗人員,材料研發人員,實驗化驗人員
國立中正大學,地球與環境科學系,環境工程人員 / 工程師,研究助理,保險業務／經紀人
國立中正大學,物理學系,研究助理,光學工程師,商標／專利人員
國立中正大學,數學系,行政人員,餐飲服務生,國內業務人員
國立中正大學,資訊管理學系,軟體設計工程師,Internet程式設計師,國內業務人員
國立中正大學,電機工程學系,軟體設計工程師,硬體研發工程師,韌體設計工程師
國立中正大學,資訊工程學系,軟體設計工程師,電玩程式設計師,Internet程式設計師
國立中正大學,通訊學系,軟體設計工程師,其他資訊專業人員,助教
國立中正大學,機械工程學系,機械工程師,生產技術／製程工程師,機構工程師
國立中正大學,化學工程學系,生產技術／製程工程師,化工化學工程師,國內業務人員
國立中正大學,生物醫學科技研究所,病理藥理研究人員,生物學專業與研究,不動產經紀人
國立中正大學,社會福利學系,社工人員,行政人員,行政助理
國立中正大學,運動競技學系,行政人員,運動教練,餐飲服務生
國立嘉義大學,教育學系,國小學校教師,補習班導師／管理人員,安親班老師
國立嘉義大學,幼兒教育學系,幼教班老師,教保員,餐飲服務生
國立嘉義大學,特殊教育學系,特殊教育教師,國小學校教師,行政人員
國立嘉義大學,數位學習學系,平面設計／美編人員,網頁設計師,門市／店員／專櫃人員
國立嘉義大學,音樂學系,音樂老師,門市／店員／專櫃人員,行政人員
國立嘉義大學,視覺藝術學系,平面設計／美編人員,美術設計,門市／店員／專櫃人員
國立嘉義大學,國文學系,門市／店員／專櫃人員,安親班老師,行政人員
國立嘉義大學,外國語言學系,語文補習班老師,業務助理,國外業務人員
國立嘉義大學,應用歷史學系,門市／店員／專櫃人員,行政人員,行政助理
國立嘉義大學,應用經濟系,行政人員,記帳／出納／一般會計,行政助理
國立嘉義大學,輔導與諮商學系,社工人員,行政人員,國小學校教師
國立嘉義大學,企業管理學系,行政人員,門市／店員／專櫃人員,記帳／出納／一般會計
國立嘉義大學,財務金融學系,銀行辦事員,行政人員,記帳／出納／一般會計
國立嘉義大學,行銷與觀光管理學系,行銷企劃人員,國內業務人員,行政人員
國立嘉義大學,生物事業管理學系,門市／店員／專櫃人員,行政人員,行政助理
國立嘉義大學,水生生物科學系,水產養殖工作者,門市／店員／專櫃人員,餐飲服務生
國立嘉義大學,生物資源與科技學系,門市／店員／專櫃人員,行政人員,作業員／包裝員
國立嘉義大學,生化科技學系,品管／檢驗人員,研究助理,生物科技研發人員
國立嘉義大學,微生物免疫與生物藥學系,品管／檢驗人員,研究助理,生物科技研發人員
國立嘉義大學,應用化學系,品管／檢驗人員,化工化學工程師,助理工程師
國立嘉義大學,電子物理學系,助理工程師,光電工程師,半導體工程師
國立嘉義大學,應用數學系,數理補習班老師,補習班導師／管理人員,業務助理
國立嘉義大學,資訊管理學系,軟體設計工程師,資訊助理人員,Internet程式設計師
國立嘉義大學,電機工程學系,生產設備工程師,生產技術／製程工程師,行政人員
國立嘉義大學,資訊工程學系,軟體設計工程師,Internet程式設計師,電玩程式設計師
國立嘉義大學,生物機電工程學系,門市／店員／專櫃人員,生產設備工程師,機械設計／繪圖人員
國立嘉義大學,機械與能源工程學系,生產技術／製程工程師,機械設計／繪圖人員,飯店工作人員
國立嘉義大學,土木與水資源工程學系,營造工程師,工務人員／助理,工地監工／主任
國立嘉義大學,景觀學系,景觀設計師,設計助理,行政人員
國立嘉義大學,農藝學系,農藝作物栽培工作者,行政人員,門市／店員／專櫃人員
國立嘉義大學,動物科學學系,一般動物飼育工作者,門市／店員／專櫃人員,行政人員
國立嘉義大學,園藝學系,農藝作物栽培工作者,門市／店員／專櫃人員,花藝／園藝人員
國立嘉義大學,植物醫學系,研究助理,店長／賣場管理人員,農藝作物栽培工作者
國立嘉義大學,食品科學系,品管／檢驗人員,門市／店員／專櫃人員,食品研發人員
國立嘉義大學,生物農業科技學系,農藝作物栽培工作者,研究助理,門市／店員／專櫃人員
國立嘉義大學,森林暨自然保育學系,門市／店員／專櫃人員,花藝／園藝人員,行政人員
國立嘉義大學,木質材料與設計學系,門市／店員／專櫃人員,行政人員,餐飲服務生
國立嘉義大學,獸醫學系,獸醫師,研究助理,公家機關相關人員
國立嘉義大學,體育健康學系,門市／店員／專櫃人員,餐飲服務生,國小學校教師
私立南華大學,幼兒教育學系,幼教班老師,教保員,門市／店員／專櫃人員
私立南華大學,民族音樂學系,門市／店員／專櫃人員,行政人員,音樂老師
私立南華大學,視覺與媒體藝術學系,平面設計／美編人員,門市／店員／專櫃人員,美術設計
私立南華大學,視覺藝術與設計學系,平面設計／美編人員,工業設計,門市／店員／專櫃人員
私立南華大學,文學系,門市／店員／專櫃人員,行政人員,安親班老師
私立南華大學,外國語文學系,門市／店員／專櫃人員,行政人員,行政助理
私立南華大學,哲學與生命教育學系,門市／店員／專櫃人員,按摩／推拿師,教保員
私立南華大學,生死學系,生命禮儀師,門市／店員／專櫃人員,餐飲服務生
私立南華大學,創意產品設計學系,平面設計／美編人員,門市／店員／專櫃人員,餐飲服務生
私立南華大學,應用社會學系,社工人員,門市／店員／專櫃人員,行政人員
私立南華大學,國際事務與企業學系,門市／店員／專櫃人員,作業員／包裝員,行政人員
私立南華大學,傳播學系,門市／店員／專櫃人員,行政人員,活動企劃人員
私立南華大學,電子商務管理學系,門市／店員／專櫃人員,行政人員,行政助理
私立南華大學,會計與資訊科技學系,查帳／審計人員,記帳／出納／一般會計,門市／店員／專櫃人員
私立南華大學,企業管理學系,門市／店員／專櫃人員,行政助理,行政人員
私立南華大學,國際企業學系,門市／店員／專櫃人員,行政人員,船務／押匯／報關人員
私立南華大學,財務金融學系,門市／店員／專櫃人員,記帳／出納／一般會計,行政人員
私立南華大學,文化事業系,門市／店員／專櫃人員,行政人員,行政助理
私立南華大學,生物科技學系,門市／店員／專櫃人員,品管／檢驗人員,國內業務人員
私立南華大學,資訊管理學系,門市／店員／專櫃人員,行政人員,作業員／包裝員
私立南華大學,資訊工程學系,軟體設計工程師,作業員／包裝員,門市／店員／專櫃人員
私立南華大學,建築與景觀學系,建築設計／繪圖人員,室內設計／裝潢人員,設計助理
私立南華大學,旅遊管理學系,門市／店員／專櫃人員,飯店工作人員,OP／旅行社人員
國立成功大學,臺灣文學系,行政人員,國外業務人員,行銷企劃人員
國立成功大學,國文學系,文編／校對／文字工作者,行政人員,行銷企劃人員
國立成功大學,外國語文學系,國外業務人員,業務助理,行銷企劃人員
國立成功大學,史學系,行政人員,行政助理,文編／校對／文字工作者
國立成功大學,工業設計學系,工業設計,平面設計／美編人員,產品企劃開發人員
國立成功大學,經濟學系,國外業務人員,行銷企劃人員,行政人員
國立成功大學,政治學系,行銷企劃人員,行政人員,文編／校對／文字工作者
國立成功大學,心理學系,人力資源人員,行銷企劃人員,行政助理
國立成功大學,會計與資訊科技學系,查帳／審計人員,記帳／出納／一般會計,行政助理
國立成功大學,企業管理學系,行銷企劃人員,行政人員,國內業務人員
國立成功大學,工業與資訊管理學系,工業工程師／生產線規劃,生管,行政人員
國立成功大學,法律學系,法務人員,法務助理,行政人員
國立成功大學,生命科學系,行政人員,生物學專業與研究,中等學校教師
國立成功大學,化學系,生產技術／製程工程師,材料研發人員,品管／檢驗人員
國立成功大學,地球科學系,門市／店員／專櫃人員,其他客戶服務人員,餐飲服務生
國立成功大學,物理學系,研究助理,半導體製程工程師,生產技術／製程工程師
國立成功大學,數學系,數理補習班老師,中等學校教師,軟體設計工程師
國立成功大學,統計科學學系,研究助理,品管／品保工程師,市場調查／市場分析
國立成功大學,電機工程學系,軟體設計工程師,半導體工程師,數位IC設計工程師
國立成功大學,光電工程學系,光電工程師,光學工程師,調酒師／吧台人員
國立成功大學,資訊工程學系,軟體設計工程師,Internet程式設計師,其他資訊專業人員
國立成功大學,機械工程學系,機構工程師,機械工程師,生產技術／製程工程師
國立成功大學,航空太空工程學系,機構工程師,半導體設備工程師,軟體設計工程師
國立成功大學,系統及船舶機電工程學系,生產設備工程師,機構工程師,國內業務人員
國立成功大學,土木工程學系,營造工程師,土木技師／土木工程師,工地監工／主任
國立成功大學,化學工程學系,生產技術／製程工程師,化工化學工程師,材料研發人員
國立成功大學,材料科學學系,半導體工程師,半導體製程工程師,生產技術／製程工程師
國立成功大學,資源工程學系,生產技術／製程工程師,半導體工程師,國內業務人員
國立成功大學,測量及空間資訊學系,量測／儀校人員,內業工程師,工業設計
國立成功大學,環境工程學系,環境工程人員 / 工程師,研究助理,生產技術／製程工程師
國立成功大學,水利工程學系,營造工程師,水利工程師,工地監工／主任
國立成功大學,生物醫學工程學系,硬體研發工程師,其他資訊專業人員,生物科技研發人員
國立成功大學,工程科學學系,軟體設計工程師,生產技術／製程工程師,韌體設計工程師
國立成功大學,能源工程系,行銷企劃人員,技術文件／說明書編譯,財務分析／財務人員
國立成功大學,建築學系,建築設計／繪圖人員,室內設計／裝潢人員,設計助理
國立成功大學,都市計劃學系,都市／交通規劃人員,研究助理,行銷企劃人員
國立成功大學,醫學系,醫師,其他補習班老師,業務助理
國立成功大學,物理治療系,物理治療師,治療師,補習班導師／管理人員
國立成功大學,職能治療學系,職能治療師,研究助理,其他醫療從業人員
國立成功大學,護理學系,護理師及護士,研究助理,中等學校教師
國立成功大學,醫學檢驗生物技術學系,醫事檢驗師,研究助理,生物科技研發人員
國立成功大學,交通管理科學系,運輸交通專業人員,行政人員,研究助理
國立臺南藝術大學,音樂學系,音樂老師,門市／店員／專櫃人員,日式廚師
國立臺南藝術大學,中國音樂學系,門市／店員／專櫃人員,行政人員,行政助理
國立臺南藝術大學,應用音樂學系,行政人員,行銷企劃人員,活動企劃人員
國立臺南藝術大學,藝術史學系,行政人員,門市／店員／專櫃人員,活動企劃人員
國立臺南藝術大學,材質創作與設計系,平面設計／美編人員,設計助理,門市／店員／專櫃人員
國立臺南大學,教育學系,國小學校教師,安親班老師,門市／店員／專櫃人員
國立臺南大學,體育學系,門市／店員／專櫃人員,運動教練,國小學校教師
國立臺南大學,幼兒教育學系,幼教班老師,行政人員,安親班老師
國立臺南大學,特殊教育學系,特殊教育教師,國小學校教師,門市／店員／專櫃人員
國立臺南大學,學習科技學系,平面設計／美編人員,軟體設計工程師,Internet程式設計師
國立臺南大學,音樂學系,音樂老師,門市／店員／專櫃人員,國小學校教師
國立臺南大學,戲劇創作與應用學系,門市／店員／專櫃人員,行銷企劃人員,行政人員
國立臺南大學,視覺藝術與設計學系,平面設計／美編人員,行政人員,美術設計
國立臺南大學,國文學系,國小學校教師,行政人員,門市／店員／專櫃人員
國立臺南大學,英語學系,語文補習班老師,門市／店員／專櫃人員,業務助理
國立臺南大學,諮商與輔導學系,門市／店員／專櫃人員,餐飲服務生,安親班老師
國立臺南大學,文化與自然資源學系,門市／店員／專櫃人員,行政助理,行政人員
國立臺南大學,行政管理學系,行政人員,門市／店員／專櫃人員,行政助理
國立臺南大學,經營管理學系,行政人員,門市／店員／專櫃人員,國內業務人員
國立臺南大學,生態科學與技術學系,門市／店員／專櫃人員,補習班導師／管理人員,調酒師／吧台人員
國立臺南大學,生物科技學系,門市／店員／專櫃人員,品管／檢驗人員,國內業務人員
國立臺南大學,應用數學系,國內業務人員,數理補習班老師,門市／店員／專櫃人員
國立臺南大學,電機工程學系,門市／店員／專櫃人員,半導體設備工程師,國內業務人員
國立臺南大學,資訊工程學系,軟體設計工程師,行政人員,行政助理
國立臺南大學,材料科學學系,生產技術／製程工程師,品管／品保工程師,作業員／包裝員
國立臺南大學,綠色能源學系,門市／店員／專櫃人員,行政人員,國內業務人員
國立臺南大學,環境生態研究所,行政助理,其他客戶服務人員,飛機裝修工
嘉南藥理大學,應用外語系,門市／店員／專櫃人員,行政人員,業務助理
嘉南藥理大學,醫務管理學系,醫院行政管理人員,行政人員,門市／店員／專櫃人員
嘉南藥理大學,文化事業系,門市／店員／專櫃人員,行政助理,行政人員
嘉南藥理大學,生物科技學系,門市／店員／專櫃人員,品管／檢驗人員,作業員／包裝員
嘉南藥理大學,資訊管理學系,門市／店員／專櫃人員,行政人員,作業員／包裝員
嘉南藥理大學,應用空間資訊系,門市／店員／專櫃人員,建築設計／繪圖人員,餐飲服務生
嘉南藥理大學,資訊多媒體應用學系,門市／店員／專櫃人員,美容工作者,作業員／包裝員
嘉南藥理大學,環境工程與科學學系,環境工程人員 / 工程師,作業員／包裝員,門市／店員／專櫃人員
嘉南藥理大學,食品科技學系,品管／檢驗人員,門市／店員／專櫃人員,作業員／包裝員
嘉南藥理大學,職業安全衛生學系,職業安全衛生管理員,職業安全衛生管理師,作業員／包裝員
嘉南藥理大學,藥學系,藥師,藥學助理,門市／店員／專櫃人員
嘉南藥理大學,醫藥化學系,品管／檢驗人員,門市／店員／專櫃人員,實驗化驗人員
嘉南藥理大學,保健營養學系,門市／店員／專櫃人員,護理師及護士,作業員／包裝員
嘉南藥理大學,老人服務事業管理學系,照顧服務員,門市／店員／專櫃人員,行政人員
嘉南藥理大學,社會工作學系,社工人員,門市／店員／專櫃人員,行政人員
嘉南藥理大學,幼兒保育學系,幼教班老師,教保員,門市／店員／專櫃人員
嘉南藥理大學,餐旅行銷管理學系,餐飲服務生,門市／店員／專櫃人員,作業員／包裝員
嘉南藥理大學,觀光事業學系,門市／店員／專櫃人員,飯店工作人員,餐飲服務生
嘉南藥理大學,休閒保健學系,門市／店員／專櫃人員,作業員／包裝員,餐飲服務生
嘉南藥理大學,運動管理學系,門市／店員／專櫃人員,作業員／包裝員,餐飲服務生
嘉南藥理大學,生活應用與保健系,門市／店員／專櫃人員,餐飲服務生,行政人員
嘉南藥理大學,化妝品應用系,門市／店員／專櫃人員,美容工作者,護理師及護士
嘉南藥理大學,兒童產業服務學位學程,門市／店員／專櫃人員,公家機關相關人員,補習班導師／管理人員
嘉南藥理大學,環境資源學系,環境工程人員 / 工程師,門市／店員／專櫃人員,餐飲服務生
私立長榮大學,美術學系,平面設計／美編人員,美術老師,美術設計
私立長榮大學,書畫藝術學系,門市／店員／專櫃人員,平面設計／美編人員,行政人員
私立長榮大學,台灣文化創意產業學位學程,餐廚助手,設計助理,活動企劃人員
私立長榮大學,應用日語學系,門市／店員／專櫃人員,飯店工作人員,行政人員
私立長榮大學,翻譯學系,行政人員,業務助理,語文補習班老師
私立長榮大學,神學系,門市／店員／專櫃人員,行政人員,飯店或餐廳主管
私立長榮大學,應用哲學系,門市／店員／專櫃人員,行政人員,餐飲服務生
私立長榮大學,媒體設計科技學系,平面設計／美編人員,門市／店員／專櫃人員,多媒體動畫設計師
私立長榮大學,數位內容與動畫設計學系,平面設計／美編人員,門市／店員／專櫃人員,設計助理
私立長榮大學,互動設計系,美甲彩繪師,平面設計／美編人員,影片製作技術人員
私立長榮大學,健康心理學系,門市／店員／專櫃人員,行政人員,社工人員
私立長榮大學,大眾傳播學系,門市／店員／專櫃人員,記者／採編,節目製作人員
私立長榮大學,國際財務與商務管理學位學程,行銷企劃人員,不動產經紀人,金融理財專員
私立長榮大學,會計與資訊科技學系,記帳／出納／一般會計,門市／店員／專櫃人員,查帳／審計人員
私立長榮大學,企業管理學系,門市／店員／專櫃人員,行政人員,行政助理
私立長榮大學,國際企業學系,門市／店員／專櫃人員,行政人員,業務助理
私立長榮大學,國際會展管理學位學程,NULL,NULL,NULL
私立長榮大學,財務金融學系,記帳／出納／一般會計,門市／店員／專櫃人員,保險業務／經紀人
私立長榮大學,醫務管理學系,醫院行政管理人員,行政人員,門市／店員／專櫃人員
私立長榮大學,科技管理系,門市／店員／專櫃人員,國貿人員,國內業務人員
私立長榮大學,不動產財務金融學位學程,NULL,NULL,NULL
私立長榮大學,生物科技學系,品管／檢驗人員,門市／店員／專櫃人員,研究助理
私立長榮大學,資訊管理學系,門市／店員／專櫃人員,行政人員,軟體設計工程師
私立長榮大學,資訊工程學系,軟體設計工程師,門市／店員／專櫃人員,其他資訊專業人員
私立長榮大學,科技工程管理學系,作業員／包裝員,門市／店員／專櫃人員,助理工程師
私立長榮大學,土地管理學系,行政人員,門市／店員／專櫃人員,行政助理
私立長榮大學,職業安全衛生學系,職業安全衛生管理員,職業安全衛生管理師,門市／店員／專櫃人員
私立長榮大學,保健營養學系,門市／店員／專櫃人員,食品衛生管理師,營養師
私立長榮大學,護理學系,護理師及護士,專科護理師,其他醫療人員
私立長榮大學,環境與食品安全檢驗學位學程,食品衛生管理師,ISO／品保人員,倉管
私立長榮大學,醫藥科學產業學位學程,其他醫療從業人員,其他醫療人員,行政人員
私立長榮大學,社會工作學系,社工人員,門市／店員／專櫃人員,行政人員
私立長榮大學,觀光與餐飲管理學系,飯店工作人員,餐飲服務生,門市／店員／專櫃人員
私立長榮大學,運動競技學系,門市／店員／專櫃人員,運動教練,餐飲服務生
私立長榮大學,航運管理學系,船務／押匯／報關人員,運輸交通專業人員,門市／店員／專櫃人員
台灣首府大學,幼兒教育學系,幼教班老師,門市／店員／專櫃人員,作業員／包裝員
台灣首府大學,應用外語系,門市／店員／專櫃人員,行政人員,餐飲服務生
台灣首府大學,商品開發與設計學系,作業員／包裝員,餐飲服務生,門市／店員／專櫃人員
台灣首府大學,企業管理學系,作業員／包裝員,門市／店員／專櫃人員,行政人員
台灣首府大學,健康與美容事業管理學系,門市／店員／專櫃人員,餐飲服務生,作業員／包裝員
台灣首府大學,休閒資訊管理學系,作業員／包裝員,門市／店員／專櫃人員,倉管
台灣首府大學,數位娛樂與遊戲設計學系,作業員／包裝員,門市／店員／專櫃人員,軟韌體測試工程師
台灣首府大學,資訊與多媒體設計學系,作業員／包裝員,門市／店員／專櫃人員,餐飲服務生
台灣首府大學,餐旅行銷管理學系,餐飲服務生,門市／店員／專櫃人員,作業員／包裝員
台灣首府大學,烘焙管理學系,門市／店員／專櫃人員,作業員／包裝員,餐飲服務生
台灣首府大學,飯店管理科,飯店工作人員,門市／店員／專櫃人員,餐飲服務生
台灣首府大學,觀光事業學系,門市／店員／專櫃人員,飯店工作人員,餐飲服務生
台灣首府大學,休閒管理學系,作業員／包裝員,行政人員,門市／店員／專櫃人員
康寧大學,應用外語系,門市／店員／專櫃人員,飯店工作人員,行政人員
康寧大學,時尚造型設計系,門市／店員／專櫃人員,行政人員,作業員／包裝員
康寧大學,資訊傳播工程學系,門市／店員／專櫃人員,平面設計／美編人員,作業員／包裝員
康寧大學,企業管理學系,門市／店員／專櫃人員,行政人員,作業員／包裝員
康寧大學,運籌與科技管理學系,門市／店員／專櫃人員,工地監工／主任,作業員／包裝員
康寧大學,數位應用學系,作業員／包裝員,門市／店員／專櫃人員,平面設計／美編人員
康寧大學,健康照護科學研究所,門市／店員／專櫃人員,醫院行政管理人員,行政人員
康寧大學,幼兒保育學系,教保員,幼教班老師,托育人員
康寧大學,餐飲管理學系,門市／店員／專櫃人員,餐飲服務生,作業員／包裝員
康寧大學,休閒管理學系,門市／店員／專櫃人員,作業員／包裝員,餐飲服務生
康寧大學,化妝品應用系,門市／店員／專櫃人員,作業員／包裝員,行政助理
康寧大學,保健美容學系,門市／店員／專櫃人員,行政助理,美容工作者
國立中山大學,音樂學系,音樂家／作曲／歌唱及演奏家,中等學校教師,音樂老師
國立中山大學,劇場藝術學系,門市／店員／專櫃人員,行銷企劃人員,行政人員
國立中山大學,國文學系,行政人員,文編／校對／文字工作者,行政助理
國立中山大學,外國語文學系,國外業務人員,業務助理,行政人員
國立中山大學,政治經濟學系,行政助理,國外業務人員,國內業務人員
國立中山大學,社會學系,行銷企劃人員,國外業務人員,店長／賣場管理人員
國立中山大學,企業管理學系,行銷企劃人員,國內業務人員,國外業務人員
國立中山大學,財務管理學系,查帳／審計人員,記帳／出納／一般會計,財務分析／財務人員
國立中山大學,生物學系,國內業務人員,研究助理,門市／店員／專櫃人員
國立中山大學,化學系,生產技術／製程工程師,實驗化驗人員,化工化學工程師
國立中山大學,物理學系,半導體工程師,半導體製程工程師,物理相關研究員
國立中山大學,海洋生物科技暨資源系,研究助理,生物科技研發人員,行政助理
國立中山大學,海洋學系,作業員／包裝員,語文補習班老師,運動教練
國立中山大學,應用數學系,補習班導師／管理人員,門市／店員／專櫃人員,數理補習班老師
國立中山大學,資訊管理學系,軟體設計工程師,Internet程式設計師,其他資訊專業人員
國立中山大學,電機工程學系,軟體設計工程師,半導體設備工程師,電機技師／工程師
國立中山大學,光電工程學系,光電工程師,半導體工程師,半導體製程工程師
國立中山大學,資訊工程學系,軟體設計工程師,其他資訊專業人員,軟韌體測試工程師
國立中山大學,機電工程學系,機構工程師,機械工程師,半導體設備工程師
國立中山大學,材料及光電工程學系,半導體製程工程師,生產技術／製程工程師,半導體工程師
國立中山大學,海洋環境工程學系,環境工程人員 / 工程師,公家機關相關人員,調酒師／吧台人員
國立臺北護理健康大學,生死與健康心理諮商系,教保員,社工人員,門市／店員／專櫃人員
國立臺北護理健康大學,健康事業管理系,醫院行政管理人員,護理師及護士,行政人員
國立臺北護理健康大學,資訊管理學系,軟體設計工程師,門市／店員／專櫃人員,行政人員
國立臺北護理健康大學,語言治療學系,其他醫療人員,門市／店員／專櫃人員,NULL
國立臺北護理健康大學,護理學系,護理師及護士,其他醫療人員,專科護理師
國立臺北護理健康大學,長期照護系,護理師及護士,行政人員,飯店工作人員
國立臺北護理健康大學,助產及婦女健康照護系,護理師及護士,NULL,NULL
國立臺北護理健康大學,學士後護理學系,病理藥理研究人員,護理師及護士,其他醫療從業人員
國立臺北護理健康大學,幼兒保育學系,教保員,幼教班老師,門市／店員／專櫃人員
國立臺北護理健康大學,運動保健學系,運動教練,門市／店員／專櫃人員,行政人員
國立臺北護理健康大學,休閒產業與健康促進學系,飯店工作人員,櫃檯接待人員,其他客戶服務人員
國立臺北教育大學,教育學系,國小學校教師,門市／店員／專櫃人員,安親班老師
國立臺北教育大學,科學教育學系,國小學校教師,文編／校對／文字工作者,中等學校教師
國立臺北教育大學,數學資訊教育學系,國小學校教師,軟體設計工程師,行政人員
國立臺北教育大學,英語教學系,國小學校教師,語文補習班老師,行政人員
國立臺北教育大學,體育學系,運動教練,國小學校教師,活動企劃人員
國立臺北教育大學,幼兒與家庭教育學系,幼教班老師,門市／店員／專櫃人員,行政人員
國立臺北教育大學,特殊教育學系,特殊教育教師,國小學校教師,行政人員
國立臺北教育大學,教育經營與管理學系,行政人員,國小學校教師,行政助理
國立臺北教育大學,音樂學系,音樂老師,國小學校教師,行政人員
國立臺北教育大學,藝術與造形設計學系,平面設計／美編人員,門市／店員／專櫃人員,美術設計
國立臺北教育大學,文化創意產業經營學系,行銷企劃人員,活動企劃人員,業務助理
國立臺北教育大學,語文學系,國小學校教師,文編／校對／文字工作者,行政人員
國立臺北教育大學,數位內容與動畫設計學系,軟體設計工程師,平面設計／美編人員,多媒體動畫設計師
國立臺北教育大學,心理與諮商學系,國小學校教師,行政人員,人力資源人員
國立臺北教育大學,社會與區域發展學系,行政人員,門市／店員／專櫃人員,行政助理
國立臺北教育大學,資訊科學學系,軟體設計工程師,系統維護／操作人員,韌體設計工程師
國立高雄師範大學,教育學系,中等學校教師,補習班導師／管理人員,銀行辦事員
國立高雄師範大學,科技教育學系,中等學校教師,Internet程式設計師,軟體設計工程師
國立高雄師範大學,體育學系,中等學校教師,門市／店員／專櫃人員,運動教練
國立高雄師範大學,特殊教育學系,特殊教育教師,行政人員,行政助理
國立高雄師範大學,美術學系,中等學校教師,美術老師,平面設計／美編人員
國立高雄師範大學,音樂學系,音樂老師,中等學校教師,行政人員
國立高雄師範大學,國文學系,中等學校教師,門市／店員／專櫃人員,行政人員
國立高雄師範大學,英語學系,中等學校教師,國外業務人員,業務助理
國立高雄師範大學,視覺設計學系,平面設計／美編人員,美術設計,設計助理
國立高雄師範大學,工業設計學系,工業設計,平面設計／美編人員,設計助理
國立高雄師範大學,地理學系,中等學校教師,行政助理,研究助理
國立高雄師範大學,事業經營學系,國外業務人員,行銷企劃人員,業務助理
國立高雄師範大學,生物科技學系,中等學校教師,門市／店員／專櫃人員,行政助理
國立高雄師範大學,化學系,中等學校教師,品管／檢驗人員,升學補習班老師
國立高雄師範大學,物理學系,中等學校教師,講師,半導體製程工程師
國立高雄師範大學,數學系,中等學校教師,數理補習班老師,補習班導師／管理人員
國立高雄師範大學,軟體工程與管理學系,軟體設計工程師,Internet程式設計師,資訊助理人員
國立高雄師範大學,電子學系,IC佈局工程師,生產技術／製程工程師,電子工程師
國立高雄師範大學,通訊學系,國外業務人員,生產技術／製程工程師,作業員／包裝員
國立高雄大學,西洋語文學系,業務助理,國外業務人員,國貿人員
國立高雄大學,東亞語文學系,業務助理,國外業務人員,飯店工作人員
國立高雄大學,創意設計與建築學系,平面設計／美編人員,美術設計,門市／店員／專櫃人員
國立高雄大學,應用經濟系,行政人員,門市／店員／專櫃人員,國內業務人員
國立高雄大學,亞太工商管理學系,行政人員,國內業務人員,國外業務人員
國立高雄大學,金融管理學系,記帳／出納／一般會計,國內業務人員,業務助理
國立高雄大學,法律學系,法務人員,行政人員,法務助理
國立高雄大學,財經法律學系,法務人員,行政助理,行政人員
國立高雄大學,政治法律學系,行政人員,法務人員,行政助理
國立高雄大學,生命科學系,生物科技研發人員,門市／店員／專櫃人員,研究助理
國立高雄大學,應用化學系,實驗化驗人員,品管／檢驗人員,材料研發人員
國立高雄大學,應用物理學系,半導體設備工程師,生產技術／製程工程師,數理補習班老師
國立高雄大學,應用數學系,數理補習班老師,軟體設計工程師,安親班老師
國立高雄大學,資訊管理學系,軟體設計工程師,行銷企劃人員,Internet程式設計師
國立高雄大學,電機工程學系,助理工程師,生產設備工程師,軟體設計工程師
國立高雄大學,資訊工程學系,軟體設計工程師,Internet程式設計師,研究助理
國立高雄大學,土木與環境工程學系,環境工程人員 / 工程師,工務人員／助理,補習班導師／管理人員
國立高雄大學,化工與材料工程學系,生產技術／製程工程師,化工化學工程師,材料研發人員
國立高雄大學,運動競技學系,運動教練,店長／賣場管理人員,國小學校教師
國立高雄大學,運動健康休閒學系,門市／店員／專櫃人員,餐飲服務生,飯店工作人員
國立高雄餐旅大學,應用英語學系,飯店工作人員,餐飲服務生,語文補習班老師
國立高雄餐旅大學,應用日語學系,飯店工作人員,門市／店員／專櫃人員,業務助理
國立高雄餐旅大學,旅館管理學系,飯店工作人員,餐飲服務生,門市／店員／專櫃人員
國立高雄餐旅大學,餐飲管理學系,餐飲服務生,門市／店員／專櫃人員,飯店或餐廳主管
國立高雄餐旅大學,中餐廚藝系,中餐廚師,餐廚助手,餐飲服務生
國立高雄餐旅大學,西餐廚藝系,西餐廚師,餐廚助手,餐飲服務生
國立高雄餐旅大學,烘焙管理學系,西點／蛋糕師,麵包師,門市／店員／專櫃人員
國立高雄餐旅大學,國際廚藝學位學程,西點／蛋糕師,餐飲服務生,餐廚助手
國立高雄餐旅大學,餐旅暨會展行銷管理系,飯店工作人員,餐飲服務生,門市／店員／專櫃人員
國立高雄餐旅大學,休閒遊憩規劃與管理學系,飯店工作人員,門市／店員／專櫃人員,餐飲服務生
國立高雄餐旅大學,旅運管理系,OP／旅行社人員,飯店工作人員,門市／店員／專櫃人員
國立高雄餐旅大學,國際觀光學系,飯店工作人員,餐飲服務生,OP／旅行社人員
國立高雄餐旅大學,航空管理系,門市／店員／專櫃人員,飯店工作人員,餐飲服務生
私立義守大學,電影與電視學系,門市／店員／專櫃人員,影片製作技術人員,餐飲服務生
私立義守大學,應用英語學系,門市／店員／專櫃人員,行政人員,語文補習班老師
私立義守大學,應用日語學系,門市／店員／專櫃人員,行政人員,飯店工作人員
私立義守大學,數位媒體設計學系,平面設計／美編人員,門市／店員／專櫃人員,美術設計
私立義守大學,創意商品設計學系,平面設計／美編人員,門市／店員／專櫃人員,餐飲服務生
私立義守大學,公共政策與管理學系,行政人員,門市／店員／專櫃人員,行政助理
私立義守大學,大眾傳播學系,門市／店員／專櫃人員,行政人員,平面設計／美編人員
私立義守大學,會計與資訊科技學系,記帳／出納／一般會計,查帳／審計人員,門市／店員／專櫃人員
私立義守大學,企業管理學系,門市／店員／專櫃人員,行政人員,國內業務人員
私立義守大學,國際企業經營系,國外業務人員,國貿人員,業務助理
私立義守大學,國際商務學系,門市／店員／專櫃人員,國內業務人員,行政人員
私立義守大學,財務金融學系,記帳／出納／一般會計,門市／店員／專櫃人員,行政人員
私立義守大學,國際財務金融學系,國內業務人員,行政人員,國貿人員
私立義守大學,醫務管理學系,醫院行政管理人員,行政人員,門市／店員／專櫃人員
私立義守大學,工業管理學系,門市／店員／專櫃人員,行政人員,工業工程師／生產線規劃
私立義守大學,生物科技學系,門市／店員／專櫃人員,研究助理,生物科技研發人員
私立義守大學,財務與計算數學系,補習班導師／管理人員,門市／店員／專櫃人員,品管／檢驗人員
私立義守大學,資訊管理學系,門市／店員／專櫃人員,行政人員,軟體設計工程師
私立義守大學,電機工程學系,生產設備工程師,生產技術／製程工程師,電機工程技術員
私立義守大學,電子學系,半導體設備工程師,門市／店員／專櫃人員,作業員／包裝員
私立義守大學,資訊工程學系,軟體設計工程師,門市／店員／專櫃人員,作業員／包裝員
私立義守大學,通訊學系,作業員／包裝員,門市／店員／專櫃人員,生產設備工程師
私立義守大學,機械與自動化工程學系,作業員／包裝員,機械工程師,生產設備工程師
私立義守大學,土木與生態工程學系,工地監工／主任,工務人員／助理,營造工程師
私立義守大學,化學工程學系,生產技術／製程工程師,作業員／包裝員,實驗化驗人員
私立義守大學,材料科學學系,生產技術／製程工程師,作業員／包裝員,材料研發人員
私立義守大學,生物醫學工程學系,門市／店員／專櫃人員,國內業務人員,其他醫療從業人員
私立義守大學,學士後中醫學系,藥師,中醫師,NULL
私立義守大學,健康管理學系,門市／店員／專櫃人員,醫院行政管理人員,行政人員
私立義守大學,物理治療系,物理治療師,復建技術師,門市／店員／專櫃人員
私立義守大學,職能治療學系,職能治療師,研究助理,門市／店員／專櫃人員
私立義守大學,營養學系,營養師,門市／店員／專櫃人員,餐飲服務生
私立義守大學,護理學系,護理師及護士,門市／店員／專櫃人員,其他醫療從業人員
私立義守大學,長期照護系,門市／店員／專櫃人員,飯店工作人員,照顧服務員
私立義守大學,醫學影像暨放射科學學系,醫事放射師,門市／店員／專櫃人員,行政人員
私立義守大學,餐旅行銷管理學系,餐飲服務生,門市／店員／專櫃人員,飯店工作人員
私立義守大學,廚藝系,餐廚助手,西餐廚師,餐飲服務生
私立義守大學,觀光與休閒管理學系,飯店工作人員,門市／店員／專櫃人員,餐飲服務生
私立義守大學,觀光餐旅系,飯店工作人員,餐飲服務生,門市／店員／專櫃人員
私立義守大學,休閒管理學系,門市／店員／專櫃人員,餐飲服務生,國內業務人員
私立義守大學,娛樂事業管理學系,門市／店員／專櫃人員,飯店工作人員,行政人員
私立高雄醫學大學,心理學系,研究助理,行政人員,社工人員
私立高雄醫學大學,醫務管理暨醫療資訊學系,醫院行政管理人員,行政人員,行銷企劃人員
私立高雄醫學大學,生物科技學系,研究助理,國內業務人員,生物科技研發人員
私立高雄醫學大學,生物醫學暨環境生物學系,研究助理,門市／店員／專櫃人員,國內業務人員
私立高雄醫學大學,醫學系,醫師,麻醉醫師,門市／店員／專櫃人員
私立高雄醫學大學,傳統中國醫學研究所,醫師,藥師,NULL
私立高雄醫學大學,公共衛生學系,研究助理,醫院行政管理人員,門市／店員／專櫃人員
私立高雄醫學大學,藥學系,藥師,醫藥業務代表,其他醫療從業人員
私立高雄醫學大學,醫藥化學系,品管／品保工程師,品管／檢驗人員,實驗化驗人員
私立高雄醫學大學,香粧品學系,國內業務人員,行銷企劃人員,生物科技研發人員
私立高雄醫學大學,物理治療系,物理治療師,呼吸治療師,其他醫療從業人員
私立高雄醫學大學,職能治療學系,職能治療師,研究助理,治療師
私立高雄醫學大學,運動醫學系,運動教練,研究助理,行政人員
私立高雄醫學大學,護理學系,護理師及護士,其他醫療從業人員,行政助理
私立高雄醫學大學,呼吸治療學系,呼吸治療師,護理師及護士,門市／店員／專櫃人員
私立高雄醫學大學,醫學檢驗生物技術學系,醫事檢驗師,醫事放射師,研究助理
私立高雄醫學大學,醫學影像暨放射科學學系,醫事放射師,研究助理,行政助理
私立高雄醫學大學,牙醫學系,牙醫師,牙醫助理,社工人員
私立高雄醫學大學,口腔衛生學系,牙醫助理,其他醫療人員,護理師及護士
私立高雄醫學大學,醫學社會與社會工作學系,社工人員,門市／店員／專櫃人員,行政人員
文藻外語大學,外語教學系,語文補習班老師,門市／店員／專櫃人員,行政人員
文藻外語大學,華語學系,門市／店員／專櫃人員,行政人員,語文補習班老師
文藻外語大學,英國語文學系,國外業務人員,行政人員,門市／店員／專櫃人員
文藻外語大學,法國語文學系,門市／店員／專櫃人員,行政人員,飯店工作人員
文藻外語大學,德國語文學系,門市／店員／專櫃人員,業務助理,國外業務人員
文藻外語大學,西班牙語文學系,國外業務人員,業務助理,門市／店員／專櫃人員
文藻外語大學,日本語文學系,門市／店員／專櫃人員,飯店工作人員,行政人員
文藻外語大學,翻譯學系,國外業務人員,業務助理,行政人員
文藻外語大學,國際暨大陸事務系,業務助理,行政人員,門市／店員／專櫃人員
文藻外語大學,傳播藝術系,門市／店員／專櫃人員,行政人員,行銷企劃人員
文藻外語大學,國際企業學系,門市／店員／專櫃人員,行政人員,業務助理
文藻外語大學,數位內容應用與管理系,門市／店員／專櫃人員,行政人員,行銷企劃人員
東方設計大學,攝影學位學程,攝影助理,融資／信用業務人員,專案管理主管
東方設計大學,美術工藝系,平面設計／美編人員,門市／店員／專櫃人員,作業員／包裝員
東方設計大學,影視藝術系,門市／店員／專櫃人員,影片製作技術人員,餐飲服務生
東方設計大學,表演藝術系,門市／店員／專櫃人員,餐飲服務生,作業員／包裝員
東方設計大學,應用外語系,門市／店員／專櫃人員,作業員／包裝員,餐飲服務生
東方設計大學,遊戲與動畫設計學位學程,門市／店員／專櫃人員,作業員／包裝員,國內業務人員
東方設計大學,數位內容與動畫設計學系,作業員／包裝員,門市／店員／專櫃人員,設計助理
東方設計大學,流行商品設計系,門市／店員／專櫃人員,平面設計／美編人員,作業員／包裝員
東方設計大學,室內設計學系,室內設計／裝潢人員,設計助理,建築設計／繪圖人員
東方設計大學,設計行銷系,門市／店員／專櫃人員,國內業務人員,餐飲服務生
東方設計大學,電機工程學系,作業員／包裝員,門市／店員／專櫃人員,其他機械操作員
東方設計大學,電子與資訊系,作業員／包裝員,其他機械操作員,電腦組裝／測試
東方設計大學,化工與材料工程學系,作業員／包裝員,環境工程人員 / 工程師,生產技術／製程工程師
東方設計大學,餐飲管理學系,餐飲服務生,餐廚助手,作業員／包裝員
東方設計大學,觀光休閒事業管理學系,門市／店員／專櫃人員,作業員／包裝員,餐飲服務生
東方設計大學,時尚美妝設計系,門市／店員／專櫃人員,餐飲服務生,美容工作者
國立屏東大學,教育學系,國小學校教師,安親班老師,行政助理
國立屏東大學,輔導學系,國小學校教師,行政人員,行政助理
國立屏東大學,體育學系,門市／店員／專櫃人員,運動教練,國小學校教師
國立屏東大學,幼兒教育學系,幼教班老師,安親班老師,門市／店員／專櫃人員
國立屏東大學,特殊教育學系,特殊教育教師,國小學校教師,門市／店員／專櫃人員
國立屏東大學,科普傳播學系,門市／店員／專櫃人員,人力資源人員,其他專案管理師
國立屏東大學,音樂學系,音樂老師,行政人員,國小學校教師
國立屏東大學,視覺藝術學系,平面設計／美編人員,美術設計,門市／店員／專櫃人員
國立屏東大學,國文學系,門市／店員／專櫃人員,行政助理,安親班老師
國立屏東大學,英語學系,語文補習班老師,國小學校教師,門市／店員／專櫃人員
國立屏東大學,應用英語學系,業務助理,語文補習班老師,行政人員
國立屏東大學,應用日語學系,門市／店員／專櫃人員,行政人員,飯店工作人員
國立屏東大學,文化創意產業學系,行政人員,行銷企劃人員,活動企劃人員
國立屏東大學,原住民族健康休閒與文化產業學位學程,調酒師／吧台人員,其他客戶服務人員,門市／店員／專櫃人員
國立屏東大學,社會發展學系,門市／店員／專櫃人員,行政人員,行政助理
國立屏東大學,會計與資訊科技學系,記帳／出納／一般會計,查帳／審計人員,財務會計助理
國立屏東大學,企業管理學系,門市／店員／專櫃人員,行政人員,記帳／出納／一般會計
國立屏東大學,商業自動化與管理系,門市／店員／專櫃人員,行政人員,業務助理
國立屏東大學,國際貿易暨商務學系,行政人員,門市／店員／專櫃人員,業務助理
國立屏東大學,財務金融學系,記帳／出納／一般會計,行政人員,銀行辦事員
國立屏東大學,行銷流通管理系,門市／店員／專櫃人員,行政人員,業務助理
國立屏東大學,不動產經營學系,不動產經紀人,行政人員,行政助理
國立屏東大學,應用化學系,作業員／包裝員,實驗化驗人員,品管／檢驗人員
國立屏東大學,應用物理學系,門市／店員／專櫃人員,光電工程師,半導體製程工程師
國立屏東大學,應用數學系,門市／店員／專櫃人員,數理補習班老師,作業員／包裝員
國立屏東大學,資訊管理學系,行政人員,門市／店員／專櫃人員,軟體設計工程師
國立屏東大學,電腦與智慧型機器人學位學程,門市／店員／專櫃人員,機械設計／繪圖人員,軟體設計工程師
國立屏東大學,資訊工程學系,軟體設計工程師,Internet程式設計師,作業員／包裝員
國立屏東大學,資訊科學學系,軟體設計工程師,門市／店員／專櫃人員,Internet程式設計師
國立屏東大學,電腦通訊學系,門市／店員／專櫃人員,軟體設計工程師,作業員／包裝員
國立屏東大學,先進薄膜製程學位學程,助理工程師,門市／店員／專櫃人員,工程助理
國立屏東大學,休閒事業經營系,門市／店員／專櫃人員,餐飲服務生,飯店工作人員
國立臺東大學,教育學系,國小學校教師,安親班老師,門市／店員／專櫃人員
國立臺東大學,體育學系,運動教練,國小學校教師,門市／店員／專櫃人員
國立臺東大學,幼兒教育學系,幼教班老師,教保員,門市／店員／專櫃人員
國立臺東大學,特殊教育學系,特殊教育教師,國小學校教師,安親班老師
國立臺東大學,數位媒體與文教產業學系,平面設計／美編人員,門市／店員／專櫃人員,行政人員
國立臺東大學,美術產業學系,平面設計／美編人員,門市／店員／專櫃人員,美術設計
國立臺東大學,音樂學系,音樂老師,門市／店員／專櫃人員,電話客服類人員
國立臺東大學,華語學系,行政人員,門市／店員／專櫃人員,安親班老師
國立臺東大學,英美文學系,行政助理,語文補習班老師,飯店工作人員
國立臺東大學,公共與文化事務學系,門市／店員／專櫃人員,中餐廚師,行政助理
國立臺東大學,生命科學系,行政人員,門市／店員／專櫃人員,品管／檢驗人員
國立臺東大學,應用科學系,生產技術／製程工程師,作業員／包裝員,實驗化驗人員
國立臺東大學,應用數學系,門市／店員／專櫃人員,安親班老師,數理補習班老師
國立臺東大學,資訊管理學系,行政人員,門市／店員／專櫃人員,軟體設計工程師
國立臺東大學,資訊工程學系,軟體設計工程師,門市／店員／專櫃人員,餐飲服務生
國立臺東大學,文化資源與休閒產業學系,飯店工作人員,行政人員,餐廚助手
國立臺東大學,身心整合與運動休閒產業學系,門市／店員／專櫃人員,運動教練,國內業務人員
國立東華大學,教育與潛能開發學系,國小學校教師,門市／店員／專櫃人員,安親班老師
國立東華大學,體育與運動科學系,門市／店員／專櫃人員,運動教練,行政人員
國立東華大學,幼兒教育學系,幼教班老師,國小學校教師,行政人員
國立東華大學,特殊教育學系,特殊教育教師,教保員,國小學校教師
國立東華大學,教育行政與管理學系,國小學校教師,行政人員,門市／店員／專櫃人員
國立東華大學,音樂學系,國小學校教師,音樂老師,西點／蛋糕師
國立東華大學,藝術與設計學系,平面設計／美編人員,國小學校教師,門市／店員／專櫃人員
國立東華大學,藝術創意產業學系,門市／店員／專櫃人員,行政人員,平面設計／美編人員
國立東華大學,國文學系,門市／店員／專櫃人員,行政人員,行政助理
國立東華大學,華文文學系,文編／校對／文字工作者,門市／店員／專櫃人員,行政人員
國立東華大學,英美文學系,行政人員,國外業務人員,業務助理
國立東華大學,民族語言與傳播學系,行政人員,門市／店員／專櫃人員,行政助理
國立東華大學,史學系,門市／店員／專櫃人員,行政人員,行政助理
國立東華大學,經濟學系,門市／店員／專櫃人員,銀行辦事員,國內業務人員
國立東華大學,社會學系,門市／店員／專櫃人員,行政人員,社工人員
國立東華大學,民族發展學系,社工人員,行政助理,行政人員
國立東華大學,族群與文化學系,門市／店員／專櫃人員,行政人員,餐飲服務生
國立東華大學,諮商與臨床心理學系,社工人員,行政助理,研究助理
國立東華大學,臺灣文化及語言學系,門市／店員／專櫃人員,行政人員,國內業務人員
國立東華大學,公共行政學系,行政人員,業務助理,國內業務人員
國立東華大學,會計與資訊科技學系,查帳／審計人員,記帳／出納／一般會計,行政人員
國立東華大學,企業管理學系,國內業務人員,行銷企劃人員,業務助理
國立東華大學,國際企業學系,業務助理,行銷企劃人員,國外業務人員
國立東華大學,財務金融學系,銀行辦事員,記帳／出納／一般會計,保險業務／經紀人
國立東華大學,法律學系,行政人員,行政助理,行銷企劃人員
國立東華大學,生命科學系,研究助理,生物科技研發人員,門市／店員／專櫃人員
國立東華大學,化學系,實驗化驗人員,研究助理,門市／店員／專櫃人員
國立東華大學,物理學系,研究助理,補習班導師／管理人員,國內業務人員
國立東華大學,應用數學系,數理補習班老師,補習班導師／管理人員,品管／品保工程師
國立東華大學,資訊管理學系,軟體設計工程師,Internet程式設計師,資訊助理人員
國立東華大學,電機工程學系,半導體設備工程師,硬體研發工程師,助理工程師
國立東華大學,光電工程學系,生產技術／製程工程師,國內業務人員,助理工程師
國立東華大學,資訊工程學系,軟體設計工程師,Internet程式設計師,行政人員
國立東華大學,材料科學學系,生產技術／製程工程師,半導體製程工程師,材料研發人員
國立東華大學,民族社會工作學位學程,社工人員,助教,教保員
國立東華大學,觀光與休閒管理學系,飯店工作人員,門市／店員／專櫃人員,餐飲服務生
國立東華大學,自然資源與環境學系,行政人員,門市／店員／專櫃人員,環境工程人員 / 工程師
私立慈濟大學,兒童發展與家庭教育學系,教保員,幼教班老師,行政人員
私立慈濟大學,英美文學系,門市／店員／專櫃人員,中等學校教師,語文補習班老師
私立慈濟大學,東方語文學系,門市／店員／專櫃人員,飯店工作人員,行政人員
私立慈濟大學,人類發展與心理學系,門市／店員／專櫃人員,行政助理,行政人員
私立慈濟大學,傳播學系,節目製作人員,記者／採編,行政助理
私立慈濟大學,生命科學系,研究助理,生物科技研發人員,行政人員
私立慈濟大學,分子生物暨人類遺傳學系,餐飲服務生,生物科技研發人員,門市／店員／專櫃人員
私立慈濟大學,醫學系,醫師,MIS程式設計師,NULL
私立慈濟大學,公共衛生學系,研究助理,醫院行政管理人員,行政人員
私立慈濟大學,物理治療系,物理治療師,研究助理,門市／店員／專櫃人員
私立慈濟大學,護理學系,護理師及護士,其他醫療人員,門市／店員／專櫃人員
私立慈濟大學,醫學檢驗生物技術學系,醫事檢驗師,研究助理,其他醫療從業人員
私立慈濟大學,醫學資訊學系,軟體設計工程師,Internet程式設計師,行政人員
私立慈濟大學,社會工作學系,社工人員,行政人員,門市／店員／專櫃人員
國立金門大學,華語學系,安親班老師,行政人員,門市／店員／專櫃人員
國立金門大學,應用英語學系,飯店工作人員,國外業務人員,門市／店員／專櫃人員
國立金門大學,國際暨大陸事務系,門市／店員／專櫃人員,行政人員,餐飲服務生
國立金門大學,企業管理學系,門市／店員／專櫃人員,行政人員,行政助理
國立金門大學,海洋與邊境管理學系,行政人員,門市／店員／專櫃人員,行政助理
國立金門大學,電子學系,助理工程師,電子工程師,產品維修人員
國立金門大學,資訊工程學系,門市／店員／專櫃人員,軟體設計工程師,行政助理
國立金門大學,土木與工程管理學系,營造工程師,工務人員／助理,門市／店員／專櫃人員
國立金門大學,工業工程與科技系統工程學系,生管,助理工程師,工業工程師／生產線規劃
國立金門大學,建築學系,建築設計／繪圖人員,室內設計／裝潢人員,工務人員／助理
國立金門大學,都市計畫與景觀學系,景觀設計師,設計助理,國內業務人員
國立金門大學,食品科學系,品管／檢驗人員,門市／店員／專櫃人員,作業員／包裝員
國立金門大學,護理學系,護理師及護士,門市／店員／專櫃人員,補習班導師／管理人員
國立金門大學,長期照護系,照顧服務員,秘書,教保員
國立金門大學,社會工作學系,社工人員,國內業務人員,領班
國立金門大學,觀光與休閒管理學系,飯店工作人員,門市／店員／專櫃人員,餐飲服務生
國立金門大學,運動健康休閒學系,門市／店員／專櫃人員,行政助理,行政人員
國立臺北商業大學,應用外語系,業務助理,行政人員,門市／店員／專櫃人員
國立臺北商業大學,數位媒體設計學系,平面設計／美編人員,行政人員,多媒體動畫設計師
國立臺北商業大學,會計與資訊科技學系,記帳／出納／一般會計,查帳／審計人員,財務會計助理
國立臺北商業大學,企業管理學系,門市／店員／專櫃人員,行政人員,記帳／出納／一般會計
國立臺北商業大學,國際商務學系,業務助理,行政人員,記帳／出納／一般會計
國立臺北商業大學,財務金融學系,記帳／出納／一般會計,銀行辦事員,行政人員
國立臺北商業大學,財政稅務學系,記帳／出納／一般會計,查帳／審計人員,財務會計助理
國立臺北商業大學,商業設計管理系,平面設計／美編人員,門市／店員／專櫃人員,行政人員
國立臺北商業大學,商品創意經營系,NULL,NULL,NULL
國立臺北商業大學,資訊管理學系,行政人員,軟體設計工程師,行政助理
私立東吳大學,音樂學系,中等學校教師,音樂老師,行政人員
私立東吳大學,國文學系,行政人員,門市／店員／專櫃人員,行政助理
私立東吳大學,英文學系,國外業務人員,業務助理,行政人員
私立東吳大學,日本語文學系,業務助理,行政人員,門市／店員／專櫃人員
私立東吳大學,史學系,行政助理,行政人員,門市／店員／專櫃人員
私立東吳大學,哲學系,行政人員,門市／店員／專櫃人員,行銷企劃人員
私立東吳大學,經濟學系,銀行辦事員,國內業務人員,行政人員
私立東吳大學,政治學系,行政人員,國內業務人員,行政助理
私立東吳大學,社會學系,行政人員,門市／店員／專櫃人員,行銷企劃人員
私立東吳大學,心理學系,行政人員,社工人員,門市／店員／專櫃人員
私立東吳大學,德國文化學系,國外業務人員,業務助理,行政人員
私立東吳大學,會計與資訊科技學系,查帳／審計人員,記帳／出納／一般會計,財務會計助理
私立東吳大學,企業管理學系,國內業務人員,業務助理,行銷企劃人員
私立東吳大學,國際經營與貿易學系,國外業務人員,業務助理,國內業務人員
私立東吳大學,巨量資料管理學院學位學程,NULL,NULL,NULL
私立東吳大學,法律學系,法務人員,法務助理,行政人員
私立東吳大學,微生物學系,生物科技研發人員,研究助理,品管／檢驗人員
私立東吳大學,化學系,國內業務人員,品管／檢驗人員,實驗化驗人員
私立東吳大學,物理學系,生產技術／製程工程師,助理工程師,研究助理
私立東吳大學,數學系,數理補習班老師,門市／店員／專櫃人員,補習班導師／管理人員
私立東吳大學,財務工程與精算數學系,銀行辦事員,行政助理,國內業務人員
私立東吳大學,資訊管理學系,軟體設計工程師,Internet程式設計師,行銷企劃人員
私立東吳大學,社會工作學系,社工人員,門市／店員／專櫃人員,行政人員
私立中國文化大學,教育學系,中等學校教師,門市／店員／專櫃人員,行政人員
私立中國文化大學,體育學系,運動教練,國內業務人員,門市／店員／專櫃人員
私立中國文化大學,美術學系,平面設計／美編人員,美術設計,門市／店員／專櫃人員
私立中國文化大學,音樂學系,音樂老師,門市／店員／專櫃人員,行政人員
私立中國文化大學,中國音樂學系,門市／店員／專櫃人員,行政人員,音樂老師
私立中國文化大學,戲劇學系,門市／店員／專櫃人員,行政人員,餐飲服務生
私立中國文化大學,中國戲劇學系,門市／店員／專櫃人員,節目製作人員,行政人員
私立中國文化大學,舞蹈學系,其他才藝類老師,行政人員,門市／店員／專櫃人員
私立中國文化大學,國文學系,門市／店員／專櫃人員,行政人員,文編／校對／文字工作者
私立中國文化大學,英國語文學系,業務助理,語文補習班老師,門市／店員／專櫃人員
私立中國文化大學,法國語文學系,門市／店員／專櫃人員,行政人員,業務助理
私立中國文化大學,德國語文學系,業務助理,門市／店員／專櫃人員,行政人員
私立中國文化大學,日本語文學系,業務助理,門市／店員／專櫃人員,行政人員
私立中國文化大學,俄國語文學系,國外業務人員,門市／店員／專櫃人員,餐飲服務生
私立中國文化大學,韓國語文學系,門市／店員／專櫃人員,其他翻譯／口譯人員,業務助理
私立中國文化大學,史學系,門市／店員／專櫃人員,行政人員,國內業務人員
私立中國文化大學,哲學系,門市／店員／專櫃人員,國內業務人員,餐飲服務生
私立中國文化大學,經濟學系,國內業務人員,門市／店員／專櫃人員,銀行辦事員
私立中國文化大學,政治學系,行政人員,門市／店員／專櫃人員,行政助理
私立中國文化大學,心理輔導學系,社工人員,教保員,門市／店員／專櫃人員
私立中國文化大學,地理學系,門市／店員／專櫃人員,行政人員,餐飲服務生
私立中國文化大學,行政管理學系,行政人員,門市／店員／專櫃人員,行政助理
私立中國文化大學,勞工學系,人力資源人員,人力資源助理,門市／店員／專櫃人員
私立中國文化大學,大眾傳播學系,門市／店員／專櫃人員,行銷企劃人員,節目製作人員
私立中國文化大學,資訊傳播工程學系,平面設計／美編人員,門市／店員／專櫃人員,行銷企劃人員
私立中國文化大學,新聞學系,記者／採編,門市／店員／專櫃人員,行銷企劃人員
私立中國文化大學,廣告學系,行銷企劃人員,平面設計／美編人員,門市／店員／專櫃人員
私立中國文化大學,全球商務學位學程,國內業務人員,業務助理,秘書
私立中國文化大學,會計與資訊科技學系,查帳／審計人員,記帳／出納／一般會計,財務會計助理
私立中國文化大學,國際企業學系,行政人員,業務助理,國內業務人員
私立中國文化大學,國際貿易暨商務學系,業務助理,國內業務人員,行政人員
私立中國文化大學,財務金融學系,銀行辦事員,行政人員,記帳／出納／一般會計
私立中國文化大學,法律學系,法務人員,法務助理,行政人員
私立中國文化大學,生命科學系,門市／店員／專櫃人員,研究助理,行政助理
私立中國文化大學,化學系,品管／檢驗人員,門市／店員／專櫃人員,國內業務人員
私立中國文化大學,地質學系,門市／店員／專櫃人員,國內業務人員,餐飲服務生
私立中國文化大學,大氣科學系,門市／店員／專櫃人員,國內業務人員,行政人員
私立中國文化大學,應用數學系,補習班導師／管理人員,行政人員,保險業務／經紀人
私立中國文化大學,資訊管理學系,軟體設計工程師,門市／店員／專櫃人員,行政人員
私立中國文化大學,電機工程學系,軟體設計工程師,助理工程師,電子工程師
私立中國文化大學,資訊工程學系,軟體設計工程師,Internet程式設計師,系統維護／操作人員
私立中國文化大學,光電物理研究所,補習班導師／管理人員,門市／店員／專櫃人員,國內業務人員
私立中國文化大學,機械工程學系,機構工程師,機械設計／繪圖人員,助理工程師
私立中國文化大學,化工與材料工程學系,生產技術／製程工程師,實驗化驗人員,國內業務人員
私立中國文化大學,紡織工程學系,業務助理,品管／檢驗人員,國內業務人員
私立中國文化大學,建築及都市設計系,建築設計／繪圖人員,門市／店員／專櫃人員,行政人員
私立中國文化大學,景觀學系,景觀設計師,室內設計／裝潢人員,設計助理
私立中國文化大學,市政暨環境規劃學系,都市／交通規劃人員,行政人員,門市／店員／專櫃人員
私立中國文化大學,動物科學學系,一般動物飼育工作者,門市／店員／專櫃人員,診所助理
私立中國文化大學,園藝暨生物技術學系,花藝／園藝人員,農藝作物栽培工作者,行政人員
私立中國文化大學,土地資源學系,人力資源人員,行政人員,門市／店員／專櫃人員
私立中國文化大學,森林暨自然保育學系,行政人員,門市／店員／專櫃人員,行政助理
私立中國文化大學,保健營養學系,門市／店員／專櫃人員,營養師,研究助理
私立中國文化大學,社會福利學系,社工人員,門市／店員／專櫃人員,行政人員
私立中國文化大學,觀光事業學系,OP／旅行社人員,飯店工作人員,門市／店員／專櫃人員
私立中國文化大學,技擊運動暨國術學系,門市／店員／專櫃人員,運動教練,志願役軍官／士官／士兵
私立中國文化大學,運動健康系,運動教練,門市／店員／專櫃人員,國內業務人員
私立中國文化大學,生活科學學系,門市／店員／專櫃人員,餐飲服務生,行政人員
